id,car_id,rto_number
1,1,KL41IB3146
2,2,HR92JC6481
3,3,KL34JI3127
4,4,HR81MV7989
5,5,TS64RP4511
6,6,KL57QL5317
7,7,WB19ZB1721
8,8,CG33KK7621
9,9,PB24HP1166
10,10,HR14UK7732
11,11,AS75SJ9090
12,12,MP72DK4295
13,13,RJ21KW9458
14,14,UP39KV1826
15,15,RJ22MB4863
16,16,AP88IA7630
17,17,JK38PX8316
18,18,GJ58QW1327
19,19,TS67VZ8589
20,20,UP76QV1459
21,21,MH20RJ3309
22,22,TS21MS1006
23,23,UP47JB8017
24,24,GJ96ZG2267
25,25,MP45YW6742
26,26,MH65MT2303
27,27,MP10UM8262
28,28,RJ15PJ4612
29,29,UT62YZ2123
30,30,GJ90JS6548
31,31,BR85DP7097
32,32,TN88EO7872
33,33,TN97ZR3677
34,34,UP56AQ8516
35,35,JK44FD8534
36,36,DL38WS3050
37,37,AS71XU9430
38,38,KL51AD1218
39,39,JK28DB6851
40,40,PB40SN8187
41,41,AP26NE8683
42,42,HR48TT8028
43,43,KA61RW9057
44,44,JK89YB6647
45,45,BR44EN1227
46,46,DL82PS9511
47,47,TS63JC9593
48,48,KL42TT3905
49,49,TS72SU2579
50,50,RJ23IE8452
51,51,GJ16MZ4413
52,52,TS63FN8568
53,53,PB27BW6807
54,54,WB12JL3659
55,55,RJ15XI5639
56,56,PB86BJ6740
57,57,CG85JS1026
58,58,DL18WR5103
59,59,TN70BU4656
60,60,MP42YX8826
61,61,AP59NF7186
62,62,UP17SJ8407
63,63,JK58QS1064
64,64,TS63QL7675
65,65,RJ76OC4794
66,66,HR40NM9503
67,67,HR45IO9989
68,68,KL26AE7283
69,69,MP77YN4120
70,70,PB53AY4566
71,71,KL69ZS4545
72,72,UP84ZG8342
73,73,DL86WD7884
74,74,AS81RL6774
75,75,GJ22HL3398
76,76,CG72CQ1938
77,77,TN28EJ5278
78,78,MP59BS9886
79,79,TS19SL8071
80,80,WB54FI3336
81,81,AP38FZ9792
82,82,KA44GG5952
83,83,TN63NR5049
84,84,AP11JC5784
85,85,UT20VX7294
86,86,TS25MM2696
87,87,MP62OU7387
88,88,MP69PX4587
89,89,CG39LL3915
90,90,AS69KX9506
91,91,AP84FT2343
92,92,HR94JS3013
93,93,GJ66ML4290
94,94,PB52BX7809
95,95,DL72KA6974
96,96,OR86BH5252
97,97,KA11HN2889
98,98,RJ56BK1965
99,99,KA54JN1416
100,100,BR22BP7213
101,101,KA47CG2869
102,102,DL13FR2735
103,103,KA41KC2496
104,104,UP86SK5757
105,105,PB40XX7146
106,106,JK32ZJ4863
107,107,KA44VD1183
108,108,MH10QY6915
109,109,MP94KD5081
110,110,JK59GQ5769
111,111,MH65QA6120
112,112,BR77BA7122
113,113,UP23MN2790
114,114,MP95AX7457
115,115,KL66TJ7043
116,116,WB61II7554
117,117,CG99NR8970
118,118,GJ30CK1296
119,119,RJ12CQ5330
120,120,JK25MI9997
121,121,DL68ES3838
122,122,AP62NG5150
123,123,RJ21GU2244
124,124,MP42JQ3784
125,125,KL62EG5533
126,126,AP68EO6131
127,127,RJ88JU9495
128,128,BR58EF1712
129,129,JK18SE2340
130,130,RJ67YH6877
131,131,AS50WH1885
132,132,MP48DG6326
133,133,CG94QA7415
134,134,PB71BQ1780
135,135,CG86YA1255
136,136,AS56ZJ2777
137,137,DL22TJ7051
138,138,OR96NK4918
139,139,KL42LX7279
140,140,CG77LM2949
141,141,JK10RJ2120
142,142,OR31DX5750
143,143,KA16WF8604
144,144,JK61KM1724
145,145,WB46AQ4767
146,146,AP71ZQ8376
147,147,UP15BA8689
148,148,HR43SP3556
149,149,WB57AN1721
150,150,HR47RJ5829
151,151,PB41BL7246
152,152,RJ65CZ7807
153,153,AS53HP7003
154,154,AP62IH3254
155,155,MP14ZJ2092
156,156,GJ50BY4773
157,157,JK10NZ3929
158,158,GJ91RK1516
159,159,KA83GF9615
160,160,UP96YY4564
161,161,BR61VJ8888
162,162,PB22LU2827
163,163,AP81YY3348
164,164,DL89UX2975
165,165,MP54BN4750
166,166,PB42LB9905
167,167,RJ45TM8263
168,168,CG34DX2592
169,169,AS73RU5329
170,170,WB33OK9008
171,171,RJ46XX5216
172,172,CG39FT7139
173,173,WB22PP4174
174,174,AP86KY1270
175,175,TN46HD4538
176,176,WB53DZ3744
177,177,KL10LZ7097
178,178,AP88DC3185
179,179,WB47PK4683
180,180,GJ95KN5417
181,181,PB30EX2325
182,182,AP17EW2647
183,183,TS69KF4937
184,184,OR40EC5772
185,185,AP61VO6031
186,186,UT65SR3255
187,187,HR75FP7457
188,188,CG56SB1563
189,189,CG82VE7638
190,190,DL36VD4213
191,191,DL70WC7974
192,192,KA65NX9327
193,193,KL70BX3077
194,194,MP46NB9013
195,195,RJ36JO4212
196,196,MH89OW6897
197,197,KA88XZ7884
198,198,TS90AY3188
199,199,HR31BH3160
200,200,AP28MB9412
201,201,MP60OP5270
202,202,PB19EO3524
203,203,AP61LK6252
204,204,GJ36QO4467
205,205,MP13OJ9999
206,206,RJ66VD2840
207,207,TN94NS1008
208,208,AS79BL4079
209,209,AS45PZ9529
210,210,TN59QP6091
211,211,RJ68GP8867
212,212,GJ97GJ9481
213,213,HR66SM7440
214,214,UP86CD4842
215,215,TN53FG4835
216,216,UT86XV6381
217,217,DL95ON8668
218,218,UT84CM5330
219,219,PB52LK4186
220,220,KA48JQ9838
221,221,HR97VZ4644
222,222,CG92MF5423
223,223,TS82BN8677
224,224,WB16MJ2394
225,225,MH72GZ7528
226,226,OR27GC8892
227,227,UT67BY7376
228,228,AP36PD6146
229,229,UP42GJ1075
230,230,GJ65LQ5612
231,231,KL36UJ1510
232,232,RJ67GV6867
233,233,JK57JX6470
234,234,TS73AL8656
235,235,GJ23YM5230
236,236,MP74XZ5847
237,237,OR30VT5225
238,238,KA92MQ4197
239,239,TN10UD4670
240,240,PB74WY8248
241,241,DL12BY9460
242,242,PB69HA5926
243,243,RJ38XL3552
244,244,UP79HF1348
245,245,PB70WZ9512
246,246,WB54ZY2074
247,247,JK24QU2608
248,248,DL35SB4177
249,249,GJ88QE4087
250,250,KA91KH9341
251,251,UT90FD4086
252,252,TN25MK1862
253,253,MP67XI1801
254,254,RJ80VL5009
255,255,PB38SR3383
256,256,AS76FI9279
257,257,TN22RC8974
258,258,OR16IM2645
259,259,HR66WJ2771
260,260,TS87BO8935
261,261,OR14OR8922
262,262,CG32PF1110
263,263,AS22RB4514
264,264,GJ71QQ4539
265,265,JK48CF5209
266,266,PB72NN5312
267,267,GJ79KD1342
268,268,TN63BA6161
269,269,HR18XH5596
270,270,BR99RX8015
271,271,KA31GL6173
272,272,HR98RD6655
273,273,UT38XH9833
274,274,OR50RP8214
275,275,BR49ZO3041
276,276,RJ44VR8906
277,277,UP75XC5138
278,278,GJ26OJ6415
279,279,MH62MJ3032
280,280,AS26IR9829
281,281,CG24OP7709
282,282,CG94KS3745
283,283,BR17EK4936
284,284,AP52SU6886
285,285,AS99YV1936
286,286,GJ60EL7393
287,287,WB75HP4938
288,288,GJ74ZV4500
289,289,OR48CT1706
290,290,TS64XD1218
291,291,JK67SB7048
292,292,TN81HG6580
293,293,AS19DE4686
294,294,AS40DC8693
295,295,PB37OW5690
296,296,TN11BJ7085
297,297,KA44BV7616
298,298,CG71HS3340
299,299,AS31AC2760
300,300,TN95FC4787
301,301,BR28VL9461
302,302,UP13IZ1785
303,303,RJ76VK9327
304,304,GJ90FQ4766
305,305,AS52VM2848
306,306,CG79TS3849
307,307,OR32VY5992
308,308,OR70YI4778
309,309,KL68KV8036
310,310,KA17TN2555
311,311,TS61VW3313
312,312,UP67WP8251
313,313,KL61EW8639
314,314,GJ12HP8586
315,315,MH46OM2277
316,316,AP66KO3382
317,317,WB46BQ1231
318,318,AS69JU6597
319,319,KA78MG5144
320,320,KL31JD3059
321,321,HR84BV7075
322,322,GJ74EE7532
323,323,UP48EC7346
324,324,MH31UU1353
325,325,RJ37IA4387
326,326,OR31UY9911
327,327,MH56VI4426
328,328,TS27BX8006
329,329,DL56MO5572
330,330,KA80RI9069
331,331,AS82OO6823
332,332,AS32GZ7413
333,333,MP21SK1315
334,334,PB34VP7667
335,335,HR96KM1693
336,336,MH36YP4949
337,337,MH67DN3399
338,338,DL48LH1971
339,339,UT76XL4072
340,340,TS18QQ1170
341,341,MP43SJ6582
342,342,TS13XN1305
343,343,TS97QI2579
344,344,UT69IQ1900
345,345,UT94ME9083
346,346,MH92IR6605
347,347,DL21GP9780
348,348,UP45YB5910
349,349,PB79RT5452
350,350,AS56GO5373
351,351,JK82LF7440
352,352,UP33DP8132
353,353,KA40KG1465
354,354,HR18IM6534
355,355,OR63VK5167
356,356,OR22PF7034
357,357,DL98IC6542
358,358,UT63GV9224
359,359,BR20XY8071
360,360,TN36HR4459
361,361,AS98UZ3920
362,362,KL65IH9904
363,363,DL68EG1610
364,364,KA54IR7745
365,365,PB93XA2949
366,366,JK88FI9712
367,367,OR38KL6318
368,368,TS11QS7846
369,369,JK39ZD9609
370,370,AP51JP9629
371,371,MH50ET1249
372,372,JK67RO5583
373,373,UP56RO4523
374,374,UP73BN8823
375,375,TS43OS4697
376,376,JK18CN4160
377,377,CG35UG6545
378,378,AS76KA2664
379,379,TS11NB9357
380,380,PB30BK7374
381,381,TS62QV4826
382,382,JK65VD6047
383,383,OR82VF8338
384,384,WB51SI1298
385,385,MP15YK8566
386,386,DL57MD4783
387,387,GJ46BW5772
388,388,TN83AF9199
389,389,PB88CO6254
390,390,JK24MY9906
391,391,TS83HA8430
392,392,RJ34LU9463
393,393,PB26PN2873
394,394,KA43RQ8628
395,395,KL62VY8484
396,396,KL68PC9170
397,397,KA59WK6494
398,398,BR25CQ9801
399,399,MP12TE5392
400,400,AP25YA9650
401,401,KL93TY2066
402,402,MP62EJ3642
403,403,OR89LG5651
404,404,UT95BY2293
405,405,GJ82HX2263
406,406,AP85WR4904
407,407,KA80TE2742
408,408,KA45RY6222
409,409,KL29KK8524
410,410,PB44ZV5247
411,411,JK35HC4108
412,412,UT43BJ6767
413,413,OR12CN1918
414,414,GJ23PZ8146
415,415,DL70NU5011
416,416,AS12LP2067
417,417,UP50TA3151
418,418,KA38BZ4814
419,419,KL83GK5086
420,420,KL85GO9445
421,421,OR79YP1979
422,422,RJ71LZ2035
423,423,JK13SE3633
424,424,GJ73JO1029
425,425,KL83RD3702
426,426,JK67LS9569
427,427,AP19NY5021
428,428,GJ22ZN4463
429,429,AP68TE2652
430,430,DL86JP1447
431,431,HR17TO7110
432,432,MH46KO3797
433,433,PB43ID8916
434,434,BR68SB8379
435,435,KA24IF4261
436,436,RJ95OW1157
437,437,KA57IV1961
438,438,TS20RU7374
439,439,TS71FA3898
440,440,RJ69YR3898
441,441,UP47PW5291
442,442,PB46SN1713
443,443,UT32HI3404
444,444,DL22MK7973
445,445,CG63AN7669
446,446,AS22MI5950
447,447,HR67DY1242
448,448,AS58LM1727
449,449,CG36CJ1788
450,450,AP26IQ9304
451,451,UT85OJ3126
452,452,MP29XE9883
453,453,AP31CE8378
454,454,TS62QR6481
455,455,AS35HQ3076
456,456,PB72MZ8730
457,457,KA55GF1937
458,458,TS35IP6677
459,459,UT15JU9421
460,460,RJ21LV2687
461,461,AP76BH2391
462,462,WB26RH4412
463,463,DL40PD4140
464,464,JK64OV7346
465,465,MP92VB3395
466,466,UP56AB2978
467,467,JK89ZB3599
468,468,RJ52SH7260
469,469,OR20QY9876
470,470,KA79QV3012
471,471,MH54ED4670
472,472,TN72IW5032
473,473,AP52IG2844
474,474,MH61QR7323
475,475,AS92OG6773
476,476,OR26NC9489
477,477,AS62YK6528
478,478,RJ25OY9512
479,479,BR78BN8232
480,480,PB40SW1299
481,481,CG76SF4918
482,482,WB84NJ3838
483,483,WB32OD5665
484,484,TN68MQ9880
485,485,UP56YM4272
486,486,JK54WV1062
487,487,RJ20JA1425
488,488,UP76KP8938
489,489,RJ81WL7182
490,490,UT37PC7699
491,491,UT74YG7662
492,492,AP61KI9999
493,493,CG44MR3039
494,494,RJ71OG8788
495,495,TS67HW1294
496,496,TS80VU1369
497,497,MH36GQ7011
498,498,RJ42UF2429
499,499,OR73HJ8320
500,500,WB41CT8409
501,501,PB88TK1333
502,502,HR87UW5367
503,503,TS79EC9148
504,504,AS11IG3413
505,505,CG18FY2557
506,506,WB77EG4066
507,507,UP52TA9182
508,508,AP71RM7430
509,509,PB19YM2452
510,510,UT98MZ8514
511,511,BR93VM8478
512,512,TN87MQ8954
513,513,WB95KG1001
514,514,PB77ZR6222
515,515,AP21RX8175
516,516,MP83LX1913
517,517,PB79PS8183
518,518,MH54OM6494
519,519,RJ51DH5742
520,520,HR11NY7024
521,521,KL99OD5793
522,522,OR38BM9279
523,523,UP36BR7178
524,524,OR76KE5221
525,525,BR96GL4154
526,526,PB47FK9346
527,527,DL11ZS3627
528,528,MH43JF6435
529,529,KA66BE9318
530,530,AS70UI1932
531,531,DL28VD4221
532,532,PB96VB3728
533,533,MP34ON8310
534,534,MH99EG1111
535,535,GJ73LE2579
536,536,TN27GD4732
537,537,BR15WZ2837
538,538,RJ92FD1368
539,539,UP87VE8015
540,540,MH35ZI8077
541,541,GJ42GQ9465
542,542,AP80EN2921
543,543,KL32AV8422
544,544,UP32LK1423
545,545,OR95VM5590
546,546,MH30MN7275
547,547,RJ33AY3696
548,548,AS65LU6198
549,549,MH59KD5921
550,550,GJ31GA3261
551,551,AS58NA4368
552,552,UT47ZU1646
553,553,OR52RI7189
554,554,OR56TK7422
555,555,HR84ZF7672
556,556,RJ95IE3260
557,557,AP56AS1468
558,558,OR77DL9275
559,559,GJ68ST1403
560,560,HR25YD8197
561,561,BR26IV5179
562,562,UT98IV6024
563,563,TS21VT1043
564,564,MP85NV6794
565,565,AS64SI1218
566,566,AS49TH7135
567,567,TS45TM1132
568,568,KL45TK4756
569,569,BR43ZJ8615
570,570,AP96FD8358
571,571,GJ84DV3248
572,572,MH21BG9312
573,573,MH62DS7646
574,574,KL89FB4732
575,575,MP43EH3151
576,576,TN53SC6744
577,577,TS82JS7000
578,578,WB36GY5117
579,579,MP98AO3272
580,580,KA65FA6487
581,581,RJ18IN4304
582,582,DL54UO5030
583,583,BR29JB6643
584,584,PB76ME2026
585,585,GJ42XQ4925
586,586,PB30XJ8228
587,587,TN87PX6981
588,588,UT96SG1142
589,589,BR33DX5415
590,590,AP95HU3848
591,591,TS93RE5507
592,592,UP92CV3603
593,593,BR92YN9110
594,594,OR28ZV4179
595,595,TS43AY6177
596,596,KA98NU3160
597,597,KA62LC8247
598,598,JK12YC2456
599,599,UT15ND5698
600,600,MP11DB6029
601,601,KL48EW4951
602,602,TN38JT8257
603,603,TS11KA6754
604,604,TS59YS5943
605,605,TN59DM9807
606,606,GJ16GJ4020
607,607,JK59ML7026
608,608,WB48CH9561
609,609,BR82JV4604
610,610,RJ18NW5697
611,611,MP57OW6591
612,612,KA94KE8974
613,613,MH71QI7709
614,614,TS11IO6007
615,615,GJ30QX8626
616,616,WB69ZR2094
617,617,TN27XV4191
618,618,OR14OU3983
619,619,RJ97BJ4514
620,620,UP81UD1183
621,621,MH35ZV1107
622,622,CG62IV6939
623,623,OR16FW7609
624,624,MP13QC8271
625,625,UT25QL5574
626,626,MP35AJ6759
627,627,HR64DO5009
628,628,UT42OX4851
629,629,KA59AG9250
630,630,GJ15IA3526
631,631,MP27DH6774
632,632,TS48LA7181
633,633,PB35EU6204
634,634,PB36UF5234
635,635,JK48OG5331
636,636,MH65IU4737
637,637,GJ44VF8392
638,638,KA46PV9512
639,639,GJ80VG3326
640,640,TS94KT8984
641,641,MH36NQ2362
642,642,TS44SZ8835
643,643,HR13MF7320
644,644,MH18VW4778
645,645,MP65NT8869
646,646,UP99CQ4851
647,647,KL51WV4435
648,648,GJ12TS8269
649,649,UP54FX4020
650,650,DL93KE9462
651,651,HR20HE1382
652,652,KA41MD9952
653,653,KA77GB2031
654,654,BR37HC7630
655,655,DL31KB2799
656,656,TS60EN2437
657,657,MH61QQ9815
658,658,JK70BI8362
659,659,RJ53FY7522
660,660,TS36OC9514
661,661,KL37PQ6414
662,662,PB15PW3498
663,663,RJ50JH7055
664,664,HR73MC5314
665,665,WB30GA1881
666,666,JK73LE9517
667,667,KL70PI1205
668,668,AP36CL8753
669,669,UT31QZ8121
670,670,MH77VS6441
671,671,TS73WQ4227
672,672,MP53CV4242
673,673,RJ42QK1187
674,674,KA29XZ7062
675,675,KL36VX1693
676,676,RJ50VC4490
677,677,AS10RE3058
678,678,MH29DC1547
679,679,DL89NJ6229
680,680,WB44BI2506
681,681,PB31TE2773
682,682,MH23FW7012
683,683,CG59EU5055
684,684,WB15VC9049
685,685,TS31YF7362
686,686,OR28UG8249
687,687,TN95UX9717
688,688,PB67OI7794
689,689,PB64WC3033
690,690,GJ85OJ1913
691,691,UP28EC9320
692,692,AP65US1219
693,693,TN51RB2254
694,694,KL15SX7801
695,695,GJ15GH9470
696,696,UT56HV5981
697,697,GJ21NR5857
698,698,PB87SX1834
699,699,JK89UK9453
700,700,KA84OA2531
701,701,AP73AW7817
702,702,OR38HF9986
703,703,JK67UN8684
704,704,PB78QP7450
705,705,DL61AF7565
706,706,GJ43NC8878
707,707,TN70TQ1404
708,708,MP20UL3964
709,709,MH41BH9676
710,710,WB98UO3251
711,711,WB92TV9334
712,712,HR49HQ8811
713,713,PB87GQ7735
714,714,WB66TQ1237
715,715,AS34HL6605
716,716,JK65VX1042
717,717,BR96IX8109
718,718,MP47FG9175
719,719,JK10KW8099
720,720,BR78ES9944
721,721,GJ60GT4182
722,722,TS34OE5912
723,723,JK91HG9550
724,724,JK25GK8917
725,725,BR28AZ2128
726,726,BR76UO6939
727,727,CG22KV9183
728,728,CG93EY6670
729,729,KL28JA8338
730,730,KA63AV6337
731,731,UT45IS1622
732,732,UT78GT4636
733,733,TN68NY2054
734,734,UT92KV7855
735,735,KL69KS8499
736,736,OR78BC3067
737,737,UP19AM9153
738,738,KA94OK8543
739,739,GJ56XM9829
740,740,AP96MR3902
741,741,BR54LM3079
742,742,DL75KD6225
743,743,AP62RJ7038
744,744,AP15LO6222
745,745,OR92UG3703
746,746,WB46NX1818
747,747,AS10XX8304
748,748,KL44PL7628
749,749,AP35OL9775
750,750,MH45PD2474
751,751,AS21QM6390
752,752,RJ49VI5570
753,753,JK93FY8251
754,754,HR39SO2164
755,755,TN11HA1036
756,756,UP53YC4249
757,757,DL45GM4443
758,758,BR55VE3392
759,759,MP77GT8510
760,760,DL40DM8895
761,761,MP42FN4373
762,762,MP90YD9898
763,763,KA17LN3151
764,764,KA45YQ7575
765,765,PB56IT3169
766,766,RJ82NE1574
767,767,RJ96EI4968
768,768,UT44XX3664
769,769,KL30HA9910
770,770,KA41ZY1051
771,771,GJ76WV2100
772,772,OR74PZ2329
773,773,MH90SP8428
774,774,TS90YR2943
775,775,HR74UV3970
776,776,UT72WJ1218
777,777,WB87PU8202
778,778,BR67AX5927
779,779,HR78RO2698
780,780,DL54WW8618
781,781,WB13GD7788
782,782,TN34XS4707
783,783,RJ84FW1734
784,784,TS59CF6616
785,785,KA71ET6994
786,786,TS77CI8957
787,787,PB88YY1799
788,788,UP13HT2573
789,789,WB83UI2060
790,790,TS13HP9615
791,791,JK28UU4138
792,792,BR80YK5629
793,793,UP74VU7592
794,794,AP98NG2146
795,795,AS22TJ4293
796,796,PB11PR8688
797,797,DL26UE5200
798,798,CG65AR3441
799,799,PB13PX1792
800,800,RJ92FX9537
801,801,UP81OX2559
802,802,TN39CE8449
803,803,MP87AI4450
804,804,JK26XQ3513
805,805,HR91TV7415
806,806,MP81VU2561
807,807,JK58UL6202
808,808,JK32EB8251
809,809,MH45AR4808
810,810,KL87XM7283
811,811,TS72OC7775
812,812,KA58VG4894
813,813,CG52KU5046
814,814,MP53CJ5752
815,815,JK37KY1267
816,816,PB13TL2420
817,817,MP38MQ4073
818,818,DL61XZ6285
819,819,TN56NK5356
820,820,TN61OF3669
821,821,CG41IE4976
822,822,WB70ON5733
823,823,HR63OY9422
824,824,GJ21GD6093
825,825,OR83CE7742
826,826,RJ48QW8063
827,827,KL68NJ1315
828,828,AS32SV3157
829,829,OR80LW2209
830,830,PB32IE3819
831,831,OR77PU5763
832,832,RJ83WY7717
833,833,UP63NN9926
834,834,MH56TR2444
835,835,UP25VE7219
836,836,BR56GC8077
837,837,KL27TG3016
838,838,KL32VW3402
839,839,UP29ZW3062
840,840,AP22WV7410
841,841,WB50TD1899
842,842,KA27QU1056
843,843,UP40HT9497
844,844,JK51GK7605
845,845,MP81TD8614
846,846,CG30XC9623
847,847,UP15OC3098
848,848,BR10SF4891
849,849,UP20KY8152
850,850,DL73PW7975
851,851,MH47WS2995
852,852,TN29PD6951
853,853,RJ72IO3888
854,854,MP34WY9558
855,855,KA85EL2950
856,856,WB63RY7276
857,857,AP55ZP8206
858,858,OR52EK3060
859,859,DL21UN6755
860,860,HR64LF7087
861,861,AP95FA6707
862,862,KA81LM3785
863,863,DL55EQ4147
864,864,MP25JN8791
865,865,MH28NS1676
866,866,TN87TV7805
867,867,MP37EO5592
868,868,PB34JI5389
869,869,AS46TB5587
870,870,KA53CJ6663
871,871,OR69GC5978
872,872,WB64XV9969
873,873,MH20PP1384
874,874,AP87UX7730
875,875,PB46BM9461
876,876,AS49AV9746
877,877,BR95FZ5767
878,878,TN37UA5560
879,879,BR14FD9623
880,880,CG31LU4718
881,881,AS76OL9504
882,882,GJ56PU9910
883,883,HR98PI3019
884,884,DL57SV9568
885,885,OR25VO5492
886,886,WB27KP3585
887,887,AS38DY2562
888,888,PB54JF2901
889,889,AP84FY1540
890,890,JK58UK6380
891,891,WB72OU7939
892,892,MP25FJ8607
893,893,CG86PJ3957
894,894,PB86MV5031
895,895,AP45NK9564
896,896,GJ82SK6581
897,897,HR27LV8680
898,898,AS70BM9435
899,899,JK16TK6573
900,900,TN66MW8487
901,901,AS95NG7347
902,902,WB76HC1529
903,903,MH29DR4622
904,904,KA23FI9564
905,905,WB93QU2373
906,906,OR73ND8644
907,907,MP38XW7971
908,908,BR11ND2949
909,909,TN41LL8385
910,910,KL18NL5830
911,911,AP11ZU8758
912,912,AS43OD7251
913,913,HR99GS6698
914,914,UT73IF3927
915,915,MP42LR4475
916,916,TN38CB1913
917,917,DL70WY3076
918,918,UP19HI8712
919,919,KL10GW5984
920,920,CG53QQ6635
921,921,HR12OH3481
922,922,HR66HY2916
923,923,OR99QL6579
924,924,KL43SU1035
925,925,MP83OS4607
926,926,AP48VR1342
927,927,KA11FB7846
928,928,MP46AD6902
929,929,RJ97TX4261
930,930,TS60NV4706
931,931,KL63QV2196
932,932,MP79GX2534
933,933,MP43UI4188
934,934,KL58QN5994
935,935,UP66JT1389
936,936,TS95WW1101
937,937,HR88IC1070
938,938,RJ66QB3120
939,939,UP49ZI7626
940,940,TS24BO7609
941,941,MP89UW8344
942,942,TN68XV7506
943,943,KA16HW8495
944,944,CG76BU4723
945,945,DL71EO2990
946,946,CG68MP8409
947,947,HR13OZ5210
948,948,TN99HU4413
949,949,OR48ZH2710
950,950,HR78KE3188
951,951,WB23FI7790
952,952,TN81JX1029
953,953,MP73HO6897
954,954,KL42EN8759
955,955,AP70GL9568
956,956,CG65CL6539
957,957,RJ89CJ9441
958,958,TS72ET4742
959,959,MH77NY4238
960,960,AS46VK4681
961,961,AP86SK3708
962,962,HR63XP2581
963,963,HR52FR6995
964,964,CG49ZI1108
965,965,AP70OQ6511
966,966,CG33FG4075
967,967,MH64NY1206
968,968,OR45RS7919
969,969,TN30BE1975
970,970,TS19WX8578
971,971,PB35QR6523
972,972,JK61TV1929
973,973,MH35AI3208
974,974,DL75DW7173
975,975,GJ99HY1479
976,976,JK15PO1122
977,977,MH36WK8355
978,978,MH48ZW5783
979,979,JK50GC2445
980,980,UP31EJ6576
981,981,TN29RQ8292
982,982,HR59OK8047
983,983,MH12FG4225
984,984,TS80NB1699
985,985,AP55SC3108
986,986,BR14GM4553
987,987,TN96TD9486
988,988,TN72AA4081
989,989,AP80LE9213
990,990,UP17XG3093
991,991,KL74XN8694
992,992,AP75XL7608
993,993,HR98LD1021
994,994,RJ44BO5218
995,995,PB27SK5552
996,996,AP21IU2024
997,997,JK22XX2545
998,998,GJ25GJ9579
999,999,PB34SC8530
1000,1000,KA29ZF1162
1001,1001,OR46UW6597
1002,1002,UP55ZE9567
1003,1003,HR61WR1139
1004,1004,UT87QG8412
1005,1005,UT98US3277
1006,1006,UP71BH1325
1007,1007,RJ85AX2475
1008,1008,KA90MJ7446
1009,1009,KL77NJ9754
1010,1010,KA66BY2148
1011,1011,TS83LF3778
1012,1012,KA11HY4801
1013,1013,MP73UI1260
1014,1014,PB15MK4592
1015,1015,WB59XE4980
1016,1016,PB88IC4993
1017,1017,OR77MA9259
1018,1018,WB36EM2868
1019,1019,WB90UJ5800
1020,1020,CG77MJ6367
1021,1021,PB94YO9668
1022,1022,TS77YS2830
1023,1023,DL12JY4617
1024,1024,TS44SX1408
1025,1025,MH70BQ6343
1026,1026,HR47JL7148
1027,1027,UP50BV3908
1028,1028,RJ81IE6867
1029,1029,BR36ZE5580
1030,1030,OR46QK7791
1031,1031,WB61JY9751
1032,1032,KL27ZN3538
1033,1033,AP28FT5309
1034,1034,DL76EO4802
1035,1035,AP48MM6448
1036,1036,WB99ZA7944
1037,1037,HR75AX6286
1038,1038,TN14OR5283
1039,1039,WB88RW7310
1040,1040,MP78PI4293
1041,1041,TS32TV6664
1042,1042,WB39SG1595
1043,1043,KL18XR8694
1044,1044,BR24NL7772
1045,1045,DL64VG3291
1046,1046,PB34BR2985
1047,1047,TS64MF7363
1048,1048,AP24OU6931
1049,1049,AP53ES8431
1050,1050,TS47RU5635
1051,1051,AS73QR3144
1052,1052,PB28GL7820
1053,1053,UT17CI6990
1054,1054,RJ25GX2251
1055,1055,JK71AK1464
1056,1056,PB11AQ6960
1057,1057,GJ20ZF7407
1058,1058,GJ30VD1199
1059,1059,TS37DC7816
1060,1060,GJ88OM7334
1061,1061,TN64XF4402
1062,1062,TS19IE2116
1063,1063,TN33IE4066
1064,1064,CG60VR2020
1065,1065,CG46TK9643
1066,1066,CG60IS9981
1067,1067,UP31NP7583
1068,1068,HR82JS9491
1069,1069,TS28TR2962
1070,1070,AS24BL5030
1071,1071,HR71PL3753
1072,1072,AP78EC5264
1073,1073,JK77IS7684
1074,1074,OR64CH2039
1075,1075,KL53UN4966
1076,1076,MH97GO3287
1077,1077,OR34IP2995
1078,1078,CG27TF5234
1079,1079,GJ84FX4244
1080,1080,CG36BG9875
1081,1081,RJ80QT5965
1082,1082,RJ52DI8215
1083,1083,KL88UZ1652
1084,1084,UP33CN3246
1085,1085,TS31RT4053
1086,1086,OR50DB9267
1087,1087,TN73XB3643
1088,1088,PB24QY7034
1089,1089,KL46BE3468
1090,1090,JK68TG9270
1091,1091,TN42NT7349
1092,1092,HR45ZO9389
1093,1093,MP28OU6744
1094,1094,PB94HP9270
1095,1095,RJ73AG4304
1096,1096,JK68JN7305
1097,1097,TS75PZ6382
1098,1098,MP56EJ2236
1099,1099,HR68AL4328
1100,1100,JK54JY4124
1101,1101,DL37GJ2045
1102,1102,PB22YF4288
1103,1103,WB60HO7742
1104,1104,HR54UZ7908
1105,1105,CG42TW7452
1106,1106,BR94ST9704
1107,1107,GJ63HH4874
1108,1108,WB53BQ5094
1109,1109,AS24SP2639
1110,1110,MP84XP7836
1111,1111,AS64MG3868
1112,1112,JK67FB5226
1113,1113,UT58ER7512
1114,1114,AS79OF4192
1115,1115,KA73RK2428
1116,1116,BR41ZC3872
1117,1117,DL81QQ9444
1118,1118,UT50WF5095
1119,1119,RJ84JW5649
1120,1120,DL13ME5377
1121,1121,OR78GS9248
1122,1122,UP54HB6846
1123,1123,KA29JD1664
1124,1124,BR41VD6653
1125,1125,PB73SM9703
1126,1126,TN69JO5534
1127,1127,TS82BX9385
1128,1128,JK27CR9011
1129,1129,OR71BV6863
1130,1130,OR46WJ9106
1131,1131,DL48VX1325
1132,1132,MP42VJ8501
1133,1133,KA86TD2461
1134,1134,MH36SM9652
1135,1135,AP89CB1989
1136,1136,DL29VL1906
1137,1137,TS84WS9549
1138,1138,OR81LN1684
1139,1139,AP64SB2871
1140,1140,UT38CV1785
1141,1141,KL94ML6569
1142,1142,TS27HX3135
1143,1143,RJ17XM2968
1144,1144,UT47BN4974
1145,1145,GJ88MC2040
1146,1146,PB22TI4214
1147,1147,PB75HB3707
1148,1148,KL96RC3273
1149,1149,KL32AX9236
1150,1150,BR96BU2103
1151,1151,DL94RM1696
1152,1152,AP56JG5077
1153,1153,HR91DL2160
1154,1154,KA58ZA8918
1155,1155,TN81UO2359
1156,1156,GJ40XC2858
1157,1157,OR18FG6423
1158,1158,OR21WI7412
1159,1159,MP57UX7404
1160,1160,AP13AN8970
1161,1161,KL82EF2178
1162,1162,AP14BK7610
1163,1163,BR21UC6226
1164,1164,OR86XR2806
1165,1165,GJ75CB9400
1166,1166,UT79EJ4678
1167,1167,PB45JU5694
1168,1168,KL57CL6476
1169,1169,AP65UK2398
1170,1170,TN22HR3442
1171,1171,TS87JB6034
1172,1172,DL16ZL5569
1173,1173,KA50TQ5211
1174,1174,RJ21FL1415
1175,1175,TN45NI5225
1176,1176,MH92DH4485
1177,1177,TN85PT2380
1178,1178,DL41NB8105
1179,1179,BR60FG3669
1180,1180,AS50WC2970
1181,1181,PB69CJ6078
1182,1182,KA32GC8864
1183,1183,UT30GX7363
1184,1184,WB23LA5188
1185,1185,DL85GB4208
1186,1186,OR29UX1832
1187,1187,BR51XO8962
1188,1188,WB81GT7684
1189,1189,BR93IY9318
1190,1190,UT54BG6579
1191,1191,AS21AE8724
1192,1192,WB86LH2000
1193,1193,PB44FD5695
1194,1194,HR86JK6406
1195,1195,PB42LO6065
1196,1196,CG55UB1159
1197,1197,OR73CZ2313
1198,1198,AS23DU5574
1199,1199,DL57AD4642
1200,1200,RJ59XT1575
1201,1201,JK91SS6777
1202,1202,AP59TY7010
1203,1203,BR17AV9764
1204,1204,BR82AZ2883
1205,1205,KL56XI5843
1206,1206,MP27IW3911
1207,1207,AP79KW4555
1208,1208,AS42LN3785
1209,1209,UT68SR5562
1210,1210,KL92PA4661
1211,1211,RJ96SO5610
1212,1212,UP72MP8755
1213,1213,CG29WQ9109
1214,1214,KA82AL2077
1215,1215,JK64QP4738
1216,1216,BR54II4249
1217,1217,PB86HV5477
1218,1218,RJ51EJ9664
1219,1219,UP15IV2681
1220,1220,CG79WD2977
1221,1221,TS80UT3935
1222,1222,KL53VE1793
1223,1223,UT38SN8478
1224,1224,UP95WW8525
1225,1225,AP53NU3977
1226,1226,DL67FR1632
1227,1227,DL52FD9912
1228,1228,AP57MR9391
1229,1229,PB37LZ2349
1230,1230,HR84OT9800
1231,1231,DL12VA6367
1232,1232,UP44HV6953
1233,1233,BR77EY2851
1234,1234,TN61TM3210
1235,1235,GJ32HH1180
1236,1236,AP56IJ7468
1237,1237,JK68OA2491
1238,1238,BR46MR6475
1239,1239,BR18QK6396
1240,1240,TN36OH1079
1241,1241,DL10BB2958
1242,1242,CG52DV9667
1243,1243,PB95FB5522
1244,1244,RJ61ZV9901
1245,1245,TN56EU3719
1246,1246,UP49BM1050
1247,1247,MH94GL4816
1248,1248,PB89XW1375
1249,1249,KA56XH3750
1250,1250,TN95CB5838
1251,1251,PB23PA4548
1252,1252,KA34CH1726
1253,1253,KA76XU6817
1254,1254,BR79JM5194
1255,1255,UP13RT8874
1256,1256,WB14AH4832
1257,1257,UT41JS3779
1258,1258,AP38XJ6824
1259,1259,MH92LC1262
1260,1260,AS22JA7346
1261,1261,MH49CN1974
1262,1262,UT74VX5061
1263,1263,KL33YO7792
1264,1264,AP84VU7733
1265,1265,WB25WF1748
1266,1266,DL20WN2490
1267,1267,DL73OK5349
1268,1268,KA71HT4272
1269,1269,AS91OV3977
1270,1270,RJ48DH3106
1271,1271,TS63RZ8406
1272,1272,KL89PK4148
1273,1273,TN79FK3586
1274,1274,RJ94ZM4510
1275,1275,KL37OA5590
1276,1276,PB56KP7336
1277,1277,UT87IE8160
1278,1278,JK94HL3685
1279,1279,UT47CU6410
1280,1280,KL35LX9554
1281,1281,PB11ZM9747
1282,1282,HR47SN6315
1283,1283,DL48ZD8276
1284,1284,BR25QS3984
1285,1285,TS82KG9128
1286,1286,KA40HS5891
1287,1287,MP98WX4667
1288,1288,BR76DI4976
1289,1289,AP84JU6005
1290,1290,GJ59HI4092
1291,1291,JK38HZ6945
1292,1292,RJ32LX7195
1293,1293,DL87ZC3282
1294,1294,WB48CQ3321
1295,1295,UT40EP8556
1296,1296,BR86CG8775
1297,1297,HR17XV1223
1298,1298,BR68CC6657
1299,1299,MH24FD7309
1300,1300,MP49PT7338
1301,1301,MH96ZS4904
1302,1302,CG60NQ2844
1303,1303,KL80LD9461
1304,1304,TS33VT1999
1305,1305,BR91IL4067
1306,1306,BR36BC1027
1307,1307,TN20PC2329
1308,1308,UP47CU1191
1309,1309,WB22GR3225
1310,1310,TN34VQ5555
1311,1311,MH39JG7308
1312,1312,MH21KV6461
1313,1313,TS14FE8055
1314,1314,MH36RH4365
1315,1315,TS57UO4136
1316,1316,MH98VT1495
1317,1317,WB73AY2612
1318,1318,MH73OM3002
1319,1319,DL24XU5571
1320,1320,AS43FB5705
1321,1321,MP45DE8991
1322,1322,TN48VZ9582
1323,1323,BR86EO1469
1324,1324,TS70RB2224
1325,1325,TN44IZ8574
1326,1326,AP90WE6108
1327,1327,JK93BE6783
1328,1328,DL51MI9023
1329,1329,AS44VS4052
1330,1330,MP48EX3007
1331,1331,AS72XQ2757
1332,1332,UP12YQ3255
1333,1333,GJ41BG5362
1334,1334,UP88ON1126
1335,1335,MH88PC6883
1336,1336,TN53CH3456
1337,1337,AP36JN4195
1338,1338,BR78HW6657
1339,1339,KA79KA1437
1340,1340,AS62AV2573
1341,1341,AP18OT7654
1342,1342,JK77UK2222
1343,1343,PB62XW5170
1344,1344,RJ23LZ7897
1345,1345,AS47JP5597
1346,1346,TN72PZ9131
1347,1347,DL86LZ1105
1348,1348,UP95FA4317
1349,1349,MP71CZ8857
1350,1350,CG44AQ3996
1351,1351,TS55QF3139
1352,1352,GJ22JB4330
1353,1353,KA28YU9644
1354,1354,WB70VH3167
1355,1355,UP13DD6463
1356,1356,KL76WH9423
1357,1357,DL98DR4491
1358,1358,CG50NY7322
1359,1359,MH15NW2788
1360,1360,DL61HR8393
1361,1361,UP99NN2053
1362,1362,CG38SF8830
1363,1363,OR78SC4849
1364,1364,KL47DU4431
1365,1365,UT92YB2062
1366,1366,WB73PX2373
1367,1367,UT13DD2116
1368,1368,MP40WL8513
1369,1369,JK33CG8581
1370,1370,KL74LP3154
1371,1371,UT75VW2717
1372,1372,WB66YM3249
1373,1373,KL57WF7006
1374,1374,HR19IY1468
1375,1375,AS46WD4998
1376,1376,HR83XD1197
1377,1377,MH94TN8060
1378,1378,MP98TO8422
1379,1379,BR76AL6036
1380,1380,MH36WE3770
1381,1381,MP24QF8658
1382,1382,JK91LN6163
1383,1383,PB27MG3464
1384,1384,TN26AB3977
1385,1385,CG46FT6048
1386,1386,HR92SC5243
1387,1387,MH30QR4767
1388,1388,KL66KU7869
1389,1389,AS88DA9442
1390,1390,TN63OW9394
1391,1391,UP37OU3242
1392,1392,UP49OT4285
1393,1393,KL65XB7305
1394,1394,PB43DA7307
1395,1395,CG72UH4882
1396,1396,WB26DD6796
1397,1397,CG37NO9228
1398,1398,MH96NO8970
1399,1399,BR85RZ1395
1400,1400,MH88LR5212
1401,1401,AP89KG5939
1402,1402,MH96EV4113
1403,1403,AS78ZL6659
1404,1404,WB42MX4697
1405,1405,KA26LH1492
1406,1406,WB85HN8437
1407,1407,DL71VS7346
1408,1408,RJ74CL3294
1409,1409,AP99MS9902
1410,1410,DL64NJ9146
1411,1411,OR42GE2322
1412,1412,MH55SD3676
1413,1413,KA22AE6095
1414,1414,HR44BQ7235
1415,1415,UP35ZE2629
1416,1416,TS64HU9072
1417,1417,AS44PH5409
1418,1418,RJ73CQ9452
1419,1419,OR39AY8653
1420,1420,CG79RZ4274
1421,1421,RJ65HE1174
1422,1422,PB86QX8835
1423,1423,DL94BS2218
1424,1424,KL83YK9639
1425,1425,CG39RY2079
1426,1426,WB93DV7740
1427,1427,CG57MW2217
1428,1428,JK36FQ8833
1429,1429,JK73AG9831
1430,1430,UP51FO3972
1431,1431,CG23MN4855
1432,1432,JK74CM1275
1433,1433,CG49YI4299
1434,1434,CG10PT9109
1435,1435,TN51NZ8061
1436,1436,OR21TV3572
1437,1437,UT16ZJ1766
1438,1438,KA45YR1455
1439,1439,CG39NK2370
1440,1440,KL32FY1500
1441,1441,CG41AO6413
1442,1442,JK67TE1502
1443,1443,TS56EW9177
1444,1444,JK28WY9744
1445,1445,CG23AJ2206
1446,1446,WB14RY8587
1447,1447,CG12NE5823
1448,1448,PB91XT9933
1449,1449,RJ72WS7637
1450,1450,RJ33IJ7808
1451,1451,KL92YD4766
1452,1452,UP65RR8761
1453,1453,OR28UK5289
1454,1454,JK19TJ4955
1455,1455,UT86WZ6848
1456,1456,TN54DE7626
1457,1457,KL87WV3352
1458,1458,UT16CG6305
1459,1459,UP83WR9766
1460,1460,TN24IC6218
1461,1461,OR15AL5704
1462,1462,JK16IT3038
1463,1463,TN96VX5043
1464,1464,AS54MB7062
1465,1465,WB57WI4972
1466,1466,KA50XR5688
1467,1467,RJ12PA6682
1468,1468,MH56YK4814
1469,1469,TS64LN3512
1470,1470,BR40VI5707
1471,1471,TN79BS3339
1472,1472,DL39ZE1632
1473,1473,AP66FV7322
1474,1474,RJ21FE5673
1475,1475,GJ73WN4562
1476,1476,RJ90PF9752
1477,1477,GJ90CY4667
1478,1478,JK37TQ9673
1479,1479,UP76PD4689
1480,1480,DL75IE2324
1481,1481,GJ31DL1790
1482,1482,PB92RR4262
1483,1483,JK21FT2795
1484,1484,BR22WA3405
1485,1485,JK98BT4533
1486,1486,RJ23OL4717
1487,1487,AP40OG3425
1488,1488,TS85PO6496
1489,1489,TS17OX4951
1490,1490,JK45UO3791
1491,1491,KA95DX5952
1492,1492,RJ29MW4835
1493,1493,BR26TM9137
1494,1494,DL63FB2872
1495,1495,TN21NT4909
1496,1496,OR83PK8384
1497,1497,KL93SS6453
1498,1498,WB68XE8776
1499,1499,MH75MU8980
1500,1500,GJ75UC4558
1501,1501,TS10TO3711
1502,1502,UT28EV2164
1503,1503,UP82DH9370
1504,1504,HR35ZY8892
1505,1505,RJ54OO3941
1506,1506,KA87NX1995
1507,1507,UP79SN8550
1508,1508,MP21EM4710
1509,1509,MH88BJ3868
1510,1510,KL27YM3314
1511,1511,RJ23BV5425
1512,1512,TS55PT1599
1513,1513,MH29HM2906
1514,1514,MP77CZ8243
1515,1515,BR82ZK5085
1516,1516,MH24YO9691
1517,1517,BR36RQ4965
1518,1518,MP53HQ2139
1519,1519,CG82BZ4499
1520,1520,MP28FV8844
1521,1521,HR43WB4479
1522,1522,WB19HE3152
1523,1523,DL67RQ4965
1524,1524,OR35AK6696
1525,1525,UT38GP5582
1526,1526,HR91XD7890
1527,1527,BR76LV4684
1528,1528,JK86GT8509
1529,1529,OR49VR7190
1530,1530,KL78KG7609
1531,1531,OR88RK6691
1532,1532,KL74BR3117
1533,1533,PB52DF7978
1534,1534,HR48ZW6544
1535,1535,CG16BB8626
1536,1536,GJ75UG5327
1537,1537,OR37UZ4985
1538,1538,TS79IJ4064
1539,1539,BR19RQ7819
1540,1540,MH48UN6648
1541,1541,UP18ML5570
1542,1542,UP30HS8448
1543,1543,MP76FK8049
1544,1544,TN72VS6832
1545,1545,UT85UR7707
1546,1546,TN56TC4108
1547,1547,UT22CT2202
1548,1548,AS16FS9352
1549,1549,PB93BE7741
1550,1550,HR98UF5859
1551,1551,MP25XJ8211
1552,1552,AP56XS1565
1553,1553,AS97FB4728
1554,1554,JK22EJ1818
1555,1555,KL15LR1613
1556,1556,RJ46NH5800
1557,1557,PB10CS7196
1558,1558,KA57MP1670
1559,1559,JK47JB1643
1560,1560,KA68WL8395
1561,1561,AP62DI7768
1562,1562,AS80VC2265
1563,1563,GJ97GF6278
1564,1564,JK53MA1148
1565,1565,DL39AW1292
1566,1566,GJ41BF3721
1567,1567,TN54IH8459
1568,1568,TN29VT1917
1569,1569,MH34XO9538
1570,1570,UT46PR3598
1571,1571,RJ71FT5210
1572,1572,MH13UZ7298
1573,1573,WB84AT7389
1574,1574,UT15IE3719
1575,1575,GJ43CD4293
1576,1576,GJ88PC4976
1577,1577,RJ64XG2791
1578,1578,UP24GK9221
1579,1579,PB60PF1453
1580,1580,PB76NS3140
1581,1581,RJ78IG1321
1582,1582,PB48HT1510
1583,1583,MH66XW8836
1584,1584,BR75MK3533
1585,1585,UT48AG4104
1586,1586,HR23BL6420
1587,1587,KA26WQ7228
1588,1588,RJ79WB9309
1589,1589,MP67OH5921
1590,1590,KA25LV2805
1591,1591,PB13AJ8553
1592,1592,BR54HG6037
1593,1593,TS14HA1594
1594,1594,RJ37EX7970
1595,1595,OR27OV6445
1596,1596,TS23AX4051
1597,1597,MP90NL5409
1598,1598,TS75RF4790
1599,1599,BR72TM4057
1600,1600,RJ67RP4573
1601,1601,RJ50UC9777
1602,1602,CG17VC9211
1603,1603,PB32XB1930
1604,1604,UT66QX6354
1605,1605,GJ70WX6928
1606,1606,GJ75NN2325
1607,1607,PB52GN3893
1608,1608,TN50LS5521
1609,1609,MP86JR1001
1610,1610,HR71DR7885
1611,1611,RJ13YT4211
1612,1612,BR10VY3914
1613,1613,CG15HK4807
1614,1614,HR62MY6371
1615,1615,RJ38UV5863
1616,1616,RJ88DU9819
1617,1617,TS44FE3892
1618,1618,TN78EH5070
1619,1619,GJ62EA8721
1620,1620,DL85FH8906
1621,1621,MP21UP2988
1622,1622,MP61PQ8723
1623,1623,TN51JW1107
1624,1624,UP57OI1318
1625,1625,PB65XK5157
1626,1626,RJ34PW3702
1627,1627,PB38AO9426
1628,1628,GJ62ZZ1246
1629,1629,CG27ZP7106
1630,1630,OR89VN8854
1631,1631,JK93HQ5699
1632,1632,DL14JZ5157
1633,1633,BR37XC3486
1634,1634,AS47WH3907
1635,1635,PB60NH6437
1636,1636,UP22RZ1360
1637,1637,TN82WT9592
1638,1638,AP56LP8381
1639,1639,TS77MU7744
1640,1640,KA46RP9969
1641,1641,OR83SC5050
1642,1642,RJ82ET8169
1643,1643,DL50AX9325
1644,1644,OR69OW2050
1645,1645,CG61UU5359
1646,1646,AP43JI9106
1647,1647,JK98AP5381
1648,1648,CG34DZ1373
1649,1649,GJ21MF4368
1650,1650,TN39WT6322
1651,1651,MP50ZI7905
1652,1652,DL62SC7740
1653,1653,KL26VP3987
1654,1654,MH40LK5952
1655,1655,RJ88ML7592
1656,1656,CG38UB9737
1657,1657,JK56RY7071
1658,1658,OR85FW7813
1659,1659,RJ62TI7399
1660,1660,RJ40OH2231
1661,1661,BR97CL5286
1662,1662,AP86AO2761
1663,1663,AS66VA9839
1664,1664,DL81FW8432
1665,1665,RJ59EE7108
1666,1666,KL70QC8004
1667,1667,GJ92QT9709
1668,1668,HR40SK1842
1669,1669,UT13GQ4204
1670,1670,DL42IV7140
1671,1671,JK30GT1519
1672,1672,KA35SA5937
1673,1673,AP38LS7038
1674,1674,JK95TY2694
1675,1675,OR61ZL5497
1676,1676,KL62AG4907
1677,1677,RJ31TP1458
1678,1678,UP78JD4189
1679,1679,BR59ZV4551
1680,1680,BR20MY7325
1681,1681,UP68MM6295
1682,1682,AS28WP8511
1683,1683,KA46AQ4002
1684,1684,OR99NO4183
1685,1685,PB19GN6025
1686,1686,MP14NS5496
1687,1687,RJ14IZ1364
1688,1688,PB23NA5901
1689,1689,TS84NA3724
1690,1690,MH16UM3248
1691,1691,DL86RG9561
1692,1692,MP63JY1282
1693,1693,TN91LV5355
1694,1694,AP28VR7277
1695,1695,GJ82YH4570
1696,1696,RJ13BM5482
1697,1697,PB49XT2707
1698,1698,MH33XM2277
1699,1699,HR69RH7801
1700,1700,AP90IT1548
1701,1701,DL49JR5970
1702,1702,UP13KD7765
1703,1703,TN46DI5096
1704,1704,HR85IB3690
1705,1705,UT54YR5219
1706,1706,GJ21FE7419
1707,1707,GJ41JG1285
1708,1708,BR31BU8306
1709,1709,UT52XH6234
1710,1710,JK45XI4913
1711,1711,MH60HR6510
1712,1712,CG48KF5108
1713,1713,AS14UK7635
1714,1714,UT79JC6201
1715,1715,KL58QS5228
1716,1716,AP12AU7507
1717,1717,HR80LI8639
1718,1718,CG21DF8487
1719,1719,TN13SR7179
1720,1720,BR22GM3087
1721,1721,AP14TB1932
1722,1722,CG32MQ3991
1723,1723,CG64MR2791
1724,1724,UP95EQ9260
1725,1725,MP41UP8524
1726,1726,WB39GI7879
1727,1727,MH80EG1763
1728,1728,GJ84GW4218
1729,1729,OR65UZ2792
1730,1730,AP53GF2106
1731,1731,AP66DQ4980
1732,1732,CG75BI3991
1733,1733,PB84XM5916
1734,1734,KA75KT3453
1735,1735,TN34OY8840
1736,1736,RJ39DV8174
1737,1737,DL26BL2064
1738,1738,CG98ZR8210
1739,1739,MP76YT3632
1740,1740,CG82NP4944
1741,1741,WB94BX6267
1742,1742,RJ20QC6541
1743,1743,TS20ZT9979
1744,1744,UP54DQ9247
1745,1745,RJ61VS4226
1746,1746,GJ65YS6301
1747,1747,BR75KR3070
1748,1748,GJ20DC7284
1749,1749,KL24SF6750
1750,1750,TS86TP5346
1751,1751,TS40HF6756
1752,1752,TS32RC6391
1753,1753,RJ26GB8614
1754,1754,RJ20DG8706
1755,1755,TS46GZ3290
1756,1756,GJ25RI4325
1757,1757,DL90CF1178
1758,1758,OR65FN6065
1759,1759,KL67IO9374
1760,1760,RJ66BT8527
1761,1761,KA10RH7328
1762,1762,HR11PY9519
1763,1763,CG38KD1963
1764,1764,UT23FB6778
1765,1765,MP95TX9909
1766,1766,OR95VQ5850
1767,1767,JK69HB4646
1768,1768,AP82BH9269
1769,1769,JK29PN8073
1770,1770,MH74TR8888
1771,1771,TN79BZ9426
1772,1772,WB40TE6023
1773,1773,MH35TJ3708
1774,1774,KL67KN6808
1775,1775,GJ19DY7238
1776,1776,TS32IV9453
1777,1777,KA32YD7141
1778,1778,PB66GR4838
1779,1779,MP40EV6469
1780,1780,UP74PV3949
1781,1781,OR10SV6747
1782,1782,KA44OT9371
1783,1783,TN46DF4015
1784,1784,HR48IR4327
1785,1785,BR49ZK7152
1786,1786,CG46CN5120
1787,1787,MH49AQ4854
1788,1788,MP50GI1282
1789,1789,JK82UK1231
1790,1790,AS95SH5452
1791,1791,RJ28WE6679
1792,1792,AP13TW8084
1793,1793,HR44MA3921
1794,1794,AS98MV5733
1795,1795,MH54VP5115
1796,1796,TN88ZJ3872
1797,1797,BR13KT7637
1798,1798,PB34NV9777
1799,1799,OR33FR8209
1800,1800,UT23OG3524
1801,1801,JK69GZ6837
1802,1802,GJ36RT5623
1803,1803,TN34CS9435
1804,1804,RJ28DG3646
1805,1805,AP90LQ8482
1806,1806,BR10LP3243
1807,1807,DL35IS6698
1808,1808,JK81WH2648
1809,1809,RJ13OP9416
1810,1810,JK66LD9950
1811,1811,AP10HE2349
1812,1812,PB97KI5071
1813,1813,AS66YB1085
1814,1814,CG28IR8448
1815,1815,GJ96UP1662
1816,1816,OR61OY5103
1817,1817,UP85CK1193
1818,1818,MH40LZ2099
1819,1819,HR54CN9072
1820,1820,RJ41GL6085
1821,1821,GJ73QM1461
1822,1822,WB22WJ7545
1823,1823,BR54TU6298
1824,1824,PB50KY7524
1825,1825,BR26WL5710
1826,1826,CG45RW3521
1827,1827,GJ38QJ9105
1828,1828,JK29IY4546
1829,1829,TS45JU8226
1830,1830,HR63DE3283
1831,1831,JK45KA4727
1832,1832,HR94YP6410
1833,1833,MH25RA9618
1834,1834,MP78ZB4264
1835,1835,DL51WE1310
1836,1836,RJ44AV1057
1837,1837,MP82HE5480
1838,1838,TS28WZ8144
1839,1839,AS67OQ5117
1840,1840,UP79JD8744
1841,1841,AS13KZ7497
1842,1842,JK75WX1443
1843,1843,WB78VP1520
1844,1844,OR49SN9523
1845,1845,TN35KP1411
1846,1846,MP56HH8558
1847,1847,DL85QR6917
1848,1848,KA56QL6027
1849,1849,GJ54OL1460
1850,1850,MP98TQ5264
1851,1851,UT48JL4825
1852,1852,BR73US8874
1853,1853,MP88MZ4037
1854,1854,CG88QT7317
1855,1855,MH89QY1027
1856,1856,DL20RE3008
1857,1857,PB13ZU5416
1858,1858,MP96MO8867
1859,1859,AP17IJ7234
1860,1860,BR74UQ1853
1861,1861,CG17SU2353
1862,1862,AP89HI8345
1863,1863,DL62TG4971
1864,1864,MH72CY9303
1865,1865,MH12QW8606
1866,1866,MP61OX7824
1867,1867,GJ38NO8685
1868,1868,HR44YX1457
1869,1869,HR77WV8284
1870,1870,UP74XP1252
1871,1871,AS86LR2550
1872,1872,KA78OW3413
1873,1873,PB19XT1488
1874,1874,GJ42MP1203
1875,1875,MP75SE6867
1876,1876,DL27DC2743
1877,1877,PB18FK1197
1878,1878,TS82UW5049
1879,1879,OR71CM9871
1880,1880,MP15TE2894
1881,1881,AS67OS5266
1882,1882,KL45IE3632
1883,1883,MP96JM6684
1884,1884,UT61JD9112
1885,1885,HR55ZQ1776
1886,1886,KA89LA3508
1887,1887,KL54CL2291
1888,1888,KA60AM2220
1889,1889,UT61SV9654
1890,1890,BR79GP3103
1891,1891,GJ98CC7568
1892,1892,AP75FZ2587
1893,1893,KL37LU7449
1894,1894,UT91EZ8220
1895,1895,TN94XI5742
1896,1896,TS37HB9381
1897,1897,HR68MT8893
1898,1898,KA79SH6184
1899,1899,JK20UA5619
1900,1900,BR50SR7101
1901,1901,RJ46XY9784
1902,1902,OR47RI3370
1903,1903,AS86IV2179
1904,1904,AS33XL1007
1905,1905,TN40QD1295
1906,1906,DL84PJ4836
1907,1907,UT66PS3537
1908,1908,JK43KC1414
1909,1909,JK85CB1582
1910,1910,HR56PJ9943
1911,1911,AS18GD1090
1912,1912,UT91XP3139
1913,1913,PB97ZV8858
1914,1914,KA85GF7362
1915,1915,KL30WR1897
1916,1916,WB76NB6313
1917,1917,WB45WX1276
1918,1918,PB41CW3249
1919,1919,JK52BZ6139
1920,1920,OR11MV5638
1921,1921,AP88CS6016
1922,1922,KL68XK1262
1923,1923,AS37OR4504
1924,1924,WB91IB8453
1925,1925,HR75IU8639
1926,1926,RJ67LB6314
1927,1927,UT12UY5536
1928,1928,BR19LK5653
1929,1929,KA38AW6002
1930,1930,AP60PY8787
1931,1931,CG14QO5125
1932,1932,AP55XH1416
1933,1933,OR56CP4060
1934,1934,UP90IE5869
1935,1935,OR60KJ7506
1936,1936,AP24GS6030
1937,1937,JK76MN3223
1938,1938,BR14MI3817
1939,1939,BR36YF7685
1940,1940,BR84CA7866
1941,1941,KL80RW9466
1942,1942,AS50YL9194
1943,1943,TN14GQ7783
1944,1944,UT90QB8536
1945,1945,AP99JK9334
1946,1946,BR52CT3816
1947,1947,GJ27WX5386
1948,1948,MH86JO2388
1949,1949,TN45GT9981
1950,1950,CG86DJ7884
1951,1951,GJ36GB5753
1952,1952,TS72FM8769
1953,1953,UP48LC4161
1954,1954,MH72YA8264
1955,1955,RJ57WQ6423
1956,1956,OR92DB1766
1957,1957,KA52BV1529
1958,1958,RJ19NP5876
1959,1959,OR10TP4088
1960,1960,AP57UT9816
1961,1961,MP80ZB2113
1962,1962,OR29FL9299
1963,1963,DL61RY5254
1964,1964,AS69HO9605
1965,1965,KL38TQ5569
1966,1966,KL93WA7296
1967,1967,DL73ZM4794
1968,1968,TN39XJ2317
1969,1969,RJ32ZS3000
1970,1970,KA34DT9568
1971,1971,AS76OF3949
1972,1972,GJ88MB3729
1973,1973,CG89OZ5556
1974,1974,AP26QV3951
1975,1975,DL95PG1211
1976,1976,UP12XL2251
1977,1977,MH50NT1213
1978,1978,UT87YI4653
1979,1979,GJ21CF1080
1980,1980,HR83PS1643
1981,1981,GJ26CV4126
1982,1982,KA62XK7794
1983,1983,DL44SY2543
1984,1984,KL20AG6705
1985,1985,UT73SE2878
1986,1986,MP22UD5231
1987,1987,TN73AB7915
1988,1988,WB95XM2458
1989,1989,GJ66IX9246
1990,1990,PB58BK2497
1991,1991,AP65ZK4985
1992,1992,BR22XG7282
1993,1993,HR33HJ3298
1994,1994,CG51IL4960
1995,1995,HR86DA5480
1996,1996,HR79FQ5265
1997,1997,CG91OT8348
1998,1998,MH52QG1362
1999,1999,MH23BA5412
2000,2000,CG63UP7276
2001,2001,CG23WQ8377
2002,2002,UT11QZ7513
2003,2003,JK66FG4448
2004,2004,WB72DM4654
2005,2005,UP69DV2719
2006,2006,TS13AB5674
2007,2007,GJ39GS1100
2008,2008,DL79CK8141
2009,2009,JK85MA2349
2010,2010,UT41YA9475
2011,2011,TN19IA9968
2012,2012,KA53QV4301
2013,2013,BR91VR2623
2014,2014,TS51LQ7376
2015,2015,OR36UX1931
2016,2016,OR77RI9639
2017,2017,PB35PQ2398
2018,2018,OR12DT9585
2019,2019,CG38ID7237
2020,2020,KL63PV3039
2021,2021,TN56YY5320
2022,2022,UT23WC3028
2023,2023,OR14UN5726
2024,2024,GJ39CD5622
2025,2025,KA31WT6478
2026,2026,DL70AL1419
2027,2027,GJ11DA3096
2028,2028,WB73NO1424
2029,2029,KA80NS2315
2030,2030,JK42JX5287
2031,2031,UT88KU9779
2032,2032,UT99KJ1688
2033,2033,WB65PN9863
2034,2034,UP35KU3578
2035,2035,KA50KY4608
2036,2036,MP76RA1317
2037,2037,UP44SF3918
2038,2038,BR91WQ1638
2039,2039,WB20PU1908
2040,2040,PB57FX2381
2041,2041,BR34MG1773
2042,2042,CG29KB1468
2043,2043,TN99WT7394
2044,2044,UT57NF4295
2045,2045,AP32RZ6764
2046,2046,GJ68WP3724
2047,2047,UT97GF2470
2048,2048,UT75CE7768
2049,2049,WB41LD4054
2050,2050,KL85FR4121
2051,2051,BR75JB9812
2052,2052,KA78YJ9862
2053,2053,UP30JQ5294
2054,2054,WB19EA5681
2055,2055,RJ71IR2755
2056,2056,JK94MM4832
2057,2057,AS42RR1218
2058,2058,JK63YS6713
2059,2059,BR70KH9542
2060,2060,KL15OX4328
2061,2061,WB86JK8498
2062,2062,GJ46NS6915
2063,2063,KL55QL1530
2064,2064,UP25EO5161
2065,2065,TS61UA2317
2066,2066,OR66VO7918
2067,2067,GJ81BQ4622
2068,2068,DL25AZ4561
2069,2069,WB91XZ5682
2070,2070,MP54JC9046
2071,2071,AS40NZ4055
2072,2072,PB96ZB1764
2073,2073,UP19AZ9173
2074,2074,AS92NZ2148
2075,2075,UT13EZ3599
2076,2076,MH89WU9464
2077,2077,KA90WS6209
2078,2078,TS10AC9469
2079,2079,AP77CT6414
2080,2080,BR94BL3457
2081,2081,AS82JS1457
2082,2082,CG72BH9500
2083,2083,UP45PL5082
2084,2084,CG17CF8415
2085,2085,AS96YU4085
2086,2086,BR12LK7428
2087,2087,OR72GZ9145
2088,2088,TS97GB8997
2089,2089,MH70NJ4590
2090,2090,HR60EW5122
2091,2091,AP61NS4202
2092,2092,UP73BA9713
2093,2093,KA63QK2305
2094,2094,OR20SQ1770
2095,2095,TS46TL3491
2096,2096,BR57EY8317
2097,2097,TS17TX1720
2098,2098,KL67HJ5597
2099,2099,CG49DD5158
2100,2100,GJ72VR5809
2101,2101,TN63SS8950
2102,2102,TN85AS2205
2103,2103,DL54WO1098
2104,2104,HR16AR9852
2105,2105,BR46RP3543
2106,2106,DL18CG6385
2107,2107,MP40KL5352
2108,2108,AP10FC2210
2109,2109,TS75EG6248
2110,2110,UP94XF7915
2111,2111,TN51IN6639
2112,2112,PB60PN9918
2113,2113,MH67TF3748
2114,2114,KL36FJ5683
2115,2115,GJ11YJ5139
2116,2116,UP16XH9456
2117,2117,BR59VA6455
2118,2118,UP97UN5259
2119,2119,RJ22TF4109
2120,2120,GJ22GM1819
2121,2121,TS56TZ3512
2122,2122,OR88TX7047
2123,2123,PB20DQ6093
2124,2124,AS25QS4294
2125,2125,UP73JP9614
2126,2126,AP48KC8576
2127,2127,WB66TR2375
2128,2128,JK20YD6321
2129,2129,HR42QR3271
2130,2130,TS83HY7757
2131,2131,UT55BQ7128
2132,2132,TN89CN8746
2133,2133,DL81SH8777
2134,2134,WB55CM5581
2135,2135,MH50YS9479
2136,2136,UT11SX3545
2137,2137,KL39MT5450
2138,2138,MH33QD9954
2139,2139,PB83ZL9791
2140,2140,GJ75CZ3922
2141,2141,MH76NV6013
2142,2142,RJ86NW1400
2143,2143,UP27VH1469
2144,2144,MH76LK1024
2145,2145,CG95PQ5414
2146,2146,RJ81MT7700
2147,2147,UP38KK1207
2148,2148,OR19DF7846
2149,2149,AP89IV1595
2150,2150,JK75EB5279
2151,2151,WB20GC9037
2152,2152,TN27OB2492
2153,2153,HR64GB6103
2154,2154,JK29XS5397
2155,2155,UT43RK6819
2156,2156,BR70JO6709
2157,2157,TS57TZ2329
2158,2158,KA95KH9539
2159,2159,TS62KT5134
2160,2160,HR51TB4803
2161,2161,AP50PF8745
2162,2162,UT79MW7987
2163,2163,AP73ZZ9569
2164,2164,DL76QE4080
2165,2165,MH79OF6452
2166,2166,GJ20IZ6678
2167,2167,TS10AX2916
2168,2168,KL19SD6397
2169,2169,CG95IC2391
2170,2170,OR95LH5257
2171,2171,MP88WI2862
2172,2172,TS21EX4767
2173,2173,GJ50YP5868
2174,2174,TS83OK4446
2175,2175,OR18TU6361
2176,2176,PB44XX5145
2177,2177,DL45XB1111
2178,2178,BR80MV3461
2179,2179,HR72DX5749
2180,2180,OR59RO8700
2181,2181,GJ59XH8859
2182,2182,PB39FI7298
2183,2183,GJ34BX1813
2184,2184,CG85XZ6954
2185,2185,DL97RL9693
2186,2186,WB21AF1653
2187,2187,GJ41FL9264
2188,2188,AP49AS4673
2189,2189,BR13WC8270
2190,2190,WB30NO2176
2191,2191,UT64NO2749
2192,2192,HR38FS4294
2193,2193,AP92WK1601
2194,2194,DL10PW3855
2195,2195,AP50QL8519
2196,2196,RJ92PX2729
2197,2197,AP30YB9801
2198,2198,RJ86ZU8458
2199,2199,UP19QS4031
2200,2200,AP26ND6942
2201,2201,AS98WC7597
2202,2202,AS74MJ9374
2203,2203,JK48IL2200
2204,2204,TS55CO1585
2205,2205,UT58ZT7915
2206,2206,AS65YF9611
2207,2207,BR61WN4884
2208,2208,PB13EK2022
2209,2209,PB91NZ2012
2210,2210,DL92IC9965
2211,2211,WB99OW9947
2212,2212,MP18PC4175
2213,2213,TN30PP8892
2214,2214,HR34JH4515
2215,2215,KA54LE4410
2216,2216,TS29CY2415
2217,2217,WB25MM1823
2218,2218,KA34MC5217
2219,2219,PB27FL9552
2220,2220,AP76MH3366
2221,2221,JK26UL9202
2222,2222,MP68OY9205
2223,2223,JK88NO9291
2224,2224,CG68SU6877
2225,2225,TN23MN9540
2226,2226,KA68HU6610
2227,2227,UP18FL3420
2228,2228,BR95IO9666
2229,2229,KA96EJ9587
2230,2230,BR53ZP8288
2231,2231,RJ51NE5819
2232,2232,JK22PC5311
2233,2233,MP17LJ1966
2234,2234,BR37GY1366
2235,2235,AP79QB3434
2236,2236,DL69FD9240
2237,2237,HR64SO1415
2238,2238,GJ68IX8280
2239,2239,UT83GU8874
2240,2240,TN46MY2585
2241,2241,TS14MT3268
2242,2242,OR94TP3885
2243,2243,TS22IB3154
2244,2244,KL62WK7020
2245,2245,UP23YK7793
2246,2246,GJ89JF4606
2247,2247,DL52DB4236
2248,2248,OR34HK3395
2249,2249,WB32YX7583
2250,2250,AS17SY5681
2251,2251,HR22CD7065
2252,2252,KA81KZ5456
2253,2253,AP79XH3746
2254,2254,RJ77OB1215
2255,2255,BR83GG6368
2256,2256,GJ32MQ2558
2257,2257,KL46KS7747
2258,2258,CG14RI9837
2259,2259,AP24SR5144
2260,2260,HR90GG9648
2261,2261,TN46EM4067
2262,2262,MH54II7992
2263,2263,RJ14LO6439
2264,2264,WB13DW4770
2265,2265,RJ68EV3780
2266,2266,UT81MQ9552
2267,2267,AP91ZT4117
2268,2268,TS94ZG3580
2269,2269,KL98TI7742
2270,2270,MP19SJ1225
2271,2271,KA39TI1704
2272,2272,DL20DG5127
2273,2273,KA77UF2780
2274,2274,OR78DK1015
2275,2275,TS90RV3970
2276,2276,KL39CG5830
2277,2277,KA42JO3236
2278,2278,AP67NR2634
2279,2279,DL96PX9239
2280,2280,RJ54BL4858
2281,2281,AS37XX9970
2282,2282,KL87VN4741
2283,2283,AS81KV5110
2284,2284,KA86BZ8300
2285,2285,TN38FB6925
2286,2286,OR32WL7746
2287,2287,RJ53QF1131
2288,2288,WB89PJ8298
2289,2289,MP46DF8189
2290,2290,TN46EX5156
2291,2291,MH80NT1077
2292,2292,TN22DD8738
2293,2293,JK44CN5149
2294,2294,MP87ZL3273
2295,2295,TS87JN9082
2296,2296,KA41MT9081
2297,2297,PB56HL6101
2298,2298,RJ78LX2822
2299,2299,KL53GG1041
2300,2300,AP74SZ1521
2301,2301,MH81ZL3020
2302,2302,CG10HL7359
2303,2303,UP86OH5674
2304,2304,RJ78AV2628
2305,2305,GJ84QR4345
2306,2306,AP27QJ7056
2307,2307,PB56FW8190
2308,2308,UP79QG1711
2309,2309,DL26KN8563
2310,2310,AS11VL7522
2311,2311,AP37VR7829
2312,2312,DL36ZG8985
2313,2313,TN43ZS7562
2314,2314,RJ53QI9509
2315,2315,KL77XI3763
2316,2316,OR64CJ1726
2317,2317,PB14OW7622
2318,2318,GJ80GI3526
2319,2319,TN55ZE9689
2320,2320,WB69RL9994
2321,2321,KL23ZS7980
2322,2322,RJ38KM5098
2323,2323,KA32PV4457
2324,2324,JK82BE7008
2325,2325,PB35CR4067
2326,2326,JK35XW8566
2327,2327,HR73ZC6347
2328,2328,HR90WB2621
2329,2329,BR32HF1363
2330,2330,JK92RY3526
2331,2331,TN87YP9035
2332,2332,JK88IH1225
2333,2333,DL13JI2132
2334,2334,CG95HM2671
2335,2335,TN54AT3118
2336,2336,BR17GP1069
2337,2337,UT56QQ8233
2338,2338,HR91QB4426
2339,2339,AS29EG1867
2340,2340,UP15SP5528
2341,2341,KA24IZ6624
2342,2342,UP63XN4001
2343,2343,UP67RW8463
2344,2344,CG39UE7776
2345,2345,GJ50WE1356
2346,2346,OR94TG6971
2347,2347,WB96IR2706
2348,2348,GJ73SF4863
2349,2349,KA38EH2726
2350,2350,JK80PW9416
2351,2351,UP24EI6980
2352,2352,TS93CH6475
2353,2353,UT30NT8868
2354,2354,OR28GW2100
2355,2355,UP45TM4523
2356,2356,AS96IE8805
2357,2357,GJ50RZ8759
2358,2358,KL25FX4186
2359,2359,OR32RS3370
2360,2360,DL93UY6344
2361,2361,GJ26UD2152
2362,2362,AS87HF4282
2363,2363,GJ45CR8410
2364,2364,TS16MV6356
2365,2365,PB45IQ3697
2366,2366,KA90HR5836
2367,2367,MH41RD3639
2368,2368,KL87KW9204
2369,2369,TS83CM8860
2370,2370,AS37NP7127
2371,2371,HR73TW9932
2372,2372,TS75UO2942
2373,2373,AP22AS8840
2374,2374,TN82PB9939
2375,2375,UT87QH3099
2376,2376,KA91IF2350
2377,2377,OR52ZF5854
2378,2378,HR72LV8160
2379,2379,OR57UQ9805
2380,2380,HR84YG8802
2381,2381,OR54SV1467
2382,2382,BR10GN4419
2383,2383,MP26BC2566
2384,2384,JK31WS6432
2385,2385,DL56WV4821
2386,2386,TS15FN6652
2387,2387,DL62YU7603
2388,2388,GJ33EK5996
2389,2389,OR15ZH2996
2390,2390,HR61JG3994
2391,2391,PB86EP2290
2392,2392,HR39LV7669
2393,2393,UT98QF4319
2394,2394,PB87IQ4182
2395,2395,OR54EO1979
2396,2396,CG57SY9737
2397,2397,CG69SF2850
2398,2398,MP22MV7325
2399,2399,KL61FQ7455
2400,2400,AS70HF1278
2401,2401,AP85DR9034
2402,2402,UT73ID2083
2403,2403,MP92RT2002
2404,2404,MH28MX2847
2405,2405,UP32LC7175
2406,2406,GJ27VA5200
2407,2407,UT53XZ3904
2408,2408,UT51NP9896
2409,2409,UP13CU9410
2410,2410,AS96VY5681
2411,2411,KA38BT9835
2412,2412,AP73TP8932
2413,2413,TS66RN1211
2414,2414,TS13DZ9156
2415,2415,TS24KP4553
2416,2416,JK27WB5718
2417,2417,OR23II4617
2418,2418,KL33EX9806
2419,2419,MH38XO9439
2420,2420,MH43SC4754
2421,2421,KL35CV4810
2422,2422,GJ15FQ6435
2423,2423,PB16RY2571
2424,2424,CG83KK2226
2425,2425,GJ30ZJ4455
2426,2426,UP38TB4494
2427,2427,CG56KG8534
2428,2428,PB48CR3048
2429,2429,JK64QN3180
2430,2430,BR49FC7535
2431,2431,RJ83HC4295
2432,2432,AS82UN1024
2433,2433,TS18RT1399
2434,2434,KA46YQ9952
2435,2435,AP43WX1056
2436,2436,KL95HQ9778
2437,2437,KA93YA8801
2438,2438,AP61MH6295
2439,2439,JK26LA8882
2440,2440,UP34DY3513
2441,2441,UP14LO7330
2442,2442,DL66IK4243
2443,2443,UP84FF3270
2444,2444,KL26CL6502
2445,2445,UP94LV8167
2446,2446,CG10QG5573
2447,2447,WB17PA4494
2448,2448,RJ34EP4348
2449,2449,AP94UQ8003
2450,2450,BR93ZD4959
2451,2451,PB23OC1559
2452,2452,PB18UJ1657
2453,2453,UP98AY9534
2454,2454,OR75CE4454
2455,2455,RJ12IF7248
2456,2456,HR47KK8444
2457,2457,RJ76SV3058
2458,2458,MH16HU5767
2459,2459,JK82HL7945
2460,2460,AP61BC2967
2461,2461,UT53RQ7842
2462,2462,DL74OC6019
2463,2463,WB60FZ3521
2464,2464,RJ13ZV4533
2465,2465,WB72QV7111
2466,2466,OR13XP2010
2467,2467,OR70RD3551
2468,2468,UP63LZ9049
2469,2469,MP32XR4895
2470,2470,JK48DL3927
2471,2471,KL63YF5794
2472,2472,RJ31RO5896
2473,2473,PB51JQ1092
2474,2474,UT39HO2333
2475,2475,MP86TY5262
2476,2476,MP72CI9187
2477,2477,CG12FB2096
2478,2478,GJ49BQ3221
2479,2479,PB56VW6391
2480,2480,UP78OM6019
2481,2481,PB58OM4267
2482,2482,CG79NH2951
2483,2483,HR31XZ4004
2484,2484,CG57WK2457
2485,2485,BR10XQ3830
2486,2486,MP64LH4087
2487,2487,MH56YT3536
2488,2488,HR91LW1747
2489,2489,KA78JS3177
2490,2490,WB72XV3591
2491,2491,DL62AV4752
2492,2492,JK68VK6891
2493,2493,AP58YW9607
2494,2494,CG53UZ3296
2495,2495,AP58SI7061
2496,2496,OR75UN5045
2497,2497,RJ96SC3943
2498,2498,RJ73IF7611
2499,2499,UP68OI7658
2500,2500,AP31ZE5352
2501,2501,DL42BP7134
2502,2502,BR93WB3992
2503,2503,PB79SA1803
2504,2504,JK79QF2978
2505,2505,HR63VG5396
2506,2506,MH69TA8816
2507,2507,UT56RP8305
2508,2508,GJ35QA9273
2509,2509,PB73II9904
2510,2510,PB55IH7206
2511,2511,PB49WG8726
2512,2512,TS87OI4564
2513,2513,TS54UQ6914
2514,2514,PB21TU5426
2515,2515,KL95TJ3261
2516,2516,AP80KJ8193
2517,2517,UP55QD7870
2518,2518,TS11CB4770
2519,2519,AP75PT7473
2520,2520,UT41EU6912
2521,2521,DL53DB2617
2522,2522,MP65GZ1110
2523,2523,RJ84FP2084
2524,2524,CG28VD2602
2525,2525,KA85SK6773
2526,2526,UP16FC2478
2527,2527,PB13GJ9128
2528,2528,PB74EI7961
2529,2529,DL47JN8083
2530,2530,KA22MY6351
2531,2531,AS81YI6361
2532,2532,AS90LX5407
2533,2533,PB51MH9817
2534,2534,TS78SB4997
2535,2535,PB86GC8097
2536,2536,JK65GI1019
2537,2537,BR55DR1181
2538,2538,MH63BA8732
2539,2539,CG56CQ6891
2540,2540,UP85XI5539
2541,2541,CG25WH6391
2542,2542,RJ74AX5203
2543,2543,AP88LE3822
2544,2544,JK82CT6947
2545,2545,KA94XT7170
2546,2546,MH51XK9181
2547,2547,WB22BK1358
2548,2548,MH56PF1575
2549,2549,TN30TD4748
2550,2550,JK97NK3845
2551,2551,JK90QP4812
2552,2552,UT95HF8273
2553,2553,DL67DA2682
2554,2554,MP97UH9083
2555,2555,KL10CB4567
2556,2556,PB34HH6347
2557,2557,HR11AW6014
2558,2558,HR48OX7479
2559,2559,UT32IB7397
2560,2560,UP83VU1077
2561,2561,CG54ZE3045
2562,2562,TS13UA9339
2563,2563,AS35HJ7022
2564,2564,WB33VX5965
2565,2565,CG40AK5341
2566,2566,MH87WI6317
2567,2567,BR10BI9378
2568,2568,CG84MB4049
2569,2569,WB56PI5306
2570,2570,RJ74UY2161
2571,2571,HR15ME2749
2572,2572,UT27QY6006
2573,2573,MH72AU4084
2574,2574,DL45TM4686
2575,2575,RJ17TH5559
2576,2576,PB15EZ9070
2577,2577,HR33PO7062
2578,2578,TN86RP8065
2579,2579,CG19UE1033
2580,2580,GJ32YG5246
2581,2581,PB49CB4489
2582,2582,DL70OF3575
2583,2583,TN37QH5742
2584,2584,KA97DT9195
2585,2585,JK22AF2159
2586,2586,MH23XY7780
2587,2587,UP20YC2470
2588,2588,JK47VA6688
2589,2589,BR77JY3145
2590,2590,UP38RC3997
2591,2591,DL96VI4803
2592,2592,HR17RS6355
2593,2593,UT75FH5775
2594,2594,DL40PO7184
2595,2595,AP48MX2013
2596,2596,UP82IZ1276
2597,2597,TS70TU5579
2598,2598,GJ65YJ2791
2599,2599,TS63EV2550
2600,2600,AP68OR1391
2601,2601,CG49KG6405
2602,2602,OR57BN1193
2603,2603,WB94TK6299
2604,2604,UT48GZ1196
2605,2605,BR97OQ9746
2606,2606,CG47HC9311
2607,2607,PB54SV6221
2608,2608,TN24QY2299
2609,2609,TS55PA3200
2610,2610,MP56EJ8540
2611,2611,TN83YD7424
2612,2612,HR23EF5820
2613,2613,CG88XO3941
2614,2614,UT97CG4492
2615,2615,RJ75GA2462
2616,2616,BR10XQ2414
2617,2617,MH92XN6993
2618,2618,JK19LK8709
2619,2619,PB59TT2222
2620,2620,RJ96OU6729
2621,2621,UP96KX4073
2622,2622,KA59RG7712
2623,2623,MH42JJ2959
2624,2624,UP10GD2337
2625,2625,PB41GC7838
2626,2626,OR58NN4750
2627,2627,MP21VZ3162
2628,2628,AP97JA5113
2629,2629,TS25ZW1788
2630,2630,JK45VQ7212
2631,2631,MH56JW7451
2632,2632,CG26QE9762
2633,2633,TN31TR6284
2634,2634,WB14YY7651
2635,2635,KL11YE2266
2636,2636,UP84XM6238
2637,2637,RJ28HN3381
2638,2638,JK81BN5230
2639,2639,AS44PA5243
2640,2640,HR31AF5722
2641,2641,UP12KH8809
2642,2642,UP48VI4676
2643,2643,GJ97XE9265
2644,2644,CG17BS9609
2645,2645,CG36RD5569
2646,2646,GJ72VF1499
2647,2647,KA28LZ6412
2648,2648,DL51LL9388
2649,2649,AS65OO9973
2650,2650,CG54PA9812
2651,2651,TN93RO4494
2652,2652,UT92NE1944
2653,2653,KL95BV5724
2654,2654,OR45NL4639
2655,2655,DL16UO8269
2656,2656,UT12CW8452
2657,2657,KL77PK9790
2658,2658,PB40RW7663
2659,2659,MP39JP8098
2660,2660,KA43FP9818
2661,2661,PB76PT8547
2662,2662,TS23WZ7763
2663,2663,AP36QL2457
2664,2664,GJ97BF2611
2665,2665,KA31ZG1524
2666,2666,JK91MJ2685
2667,2667,OR45AK6917
2668,2668,BR70IW6844
2669,2669,OR89BB9186
2670,2670,KA85BL7984
2671,2671,WB29CD7756
2672,2672,HR47YJ8583
2673,2673,GJ36OI1280
2674,2674,AP88WG3743
2675,2675,TS78CC2931
2676,2676,UT42CR9961
2677,2677,KA72CD5026
2678,2678,UT75EB3983
2679,2679,TN87JU2160
2680,2680,MP85VE4656
2681,2681,HR77NB5079
2682,2682,GJ10JQ2577
2683,2683,MH25BT4976
2684,2684,AP52AM1165
2685,2685,BR41BS4128
2686,2686,TN48IM7427
2687,2687,AP68DD8103
2688,2688,MH48XC8636
2689,2689,MP72DG6815
2690,2690,DL85YE8210
2691,2691,UP58LT1275
2692,2692,AP72OW1267
2693,2693,PB19CR7638
2694,2694,WB24EY3407
2695,2695,GJ12HP9183
2696,2696,TN49SS2514
2697,2697,AP60AP8762
2698,2698,UP60WS5300
2699,2699,MH58ZS1593
2700,2700,UP61WT2887
2701,2701,MP92FT5575
2702,2702,DL68BZ3360
2703,2703,MP90QO5955
2704,2704,DL14UJ5331
2705,2705,OR35LG7643
2706,2706,GJ78UT8910
2707,2707,BR73WU2992
2708,2708,PB92IM9368
2709,2709,AP66XM3243
2710,2710,UT88MB5760
2711,2711,UT40HS1050
2712,2712,CG98MQ1518
2713,2713,UP18MJ5072
2714,2714,CG93FD8042
2715,2715,MP35QY6390
2716,2716,UT90WV9747
2717,2717,BR40XN1400
2718,2718,KL71DE7142
2719,2719,UT61CY4467
2720,2720,GJ70QJ9477
2721,2721,TS77CP1882
2722,2722,HR68UA6090
2723,2723,BR28SR8564
2724,2724,TS28IF5412
2725,2725,BR32ZV2609
2726,2726,KL50PS6798
2727,2727,GJ52QT5316
2728,2728,HR68TI6689
2729,2729,DL92NA5579
2730,2730,HR13CM9777
2731,2731,AP53YZ9523
2732,2732,KA24CP4925
2733,2733,MP58UJ9805
2734,2734,CG32WB4262
2735,2735,AS79OD8426
2736,2736,HR19SH8158
2737,2737,DL15XD2567
2738,2738,GJ80VT5562
2739,2739,WB63JA9030
2740,2740,OR31BY3579
2741,2741,KA32DZ3817
2742,2742,WB50ED5387
2743,2743,JK83KI4002
2744,2744,MP78PP2887
2745,2745,PB87DT4515
2746,2746,BR19UC2288
2747,2747,GJ70PX1957
2748,2748,KL77OV4656
2749,2749,TS43ZJ3274
2750,2750,JK53IJ8700
2751,2751,PB65CR8937
2752,2752,UP69UO3756
2753,2753,CG30GB5870
2754,2754,KL14TJ4733
2755,2755,JK28KI5026
2756,2756,OR95RS5894
2757,2757,KA27HU2692
2758,2758,PB74YE7570
2759,2759,BR47VE7638
2760,2760,HR89PU4484
2761,2761,MH99EG7700
2762,2762,UP23XY4381
2763,2763,UT75KV6127
2764,2764,WB72YQ9778
2765,2765,GJ84GL2653
2766,2766,UT85PN9445
2767,2767,MH57TB3052
2768,2768,OR28LU3878
2769,2769,MP46PQ7523
2770,2770,MH15HQ8155
2771,2771,CG22PT1566
2772,2772,TS43VN2635
2773,2773,HR20MV9548
2774,2774,MP71ZQ3777
2775,2775,TN56PY4713
2776,2776,MP40DX7175
2777,2777,OR61KS7145
2778,2778,RJ51HZ7200
2779,2779,RJ81JD9521
2780,2780,DL53XS7015
2781,2781,CG49BG8945
2782,2782,AP54IQ4578
2783,2783,BR70OR3835
2784,2784,MH76DT8160
2785,2785,UT67EZ1409
2786,2786,MH89RF6925
2787,2787,KA14MM7206
2788,2788,GJ76XP6888
2789,2789,TN89BC5733
2790,2790,AS34YV4764
2791,2791,OR76QP3902
2792,2792,CG97XE2417
2793,2793,TN24EK1708
2794,2794,GJ15QU8423
2795,2795,JK44GQ5456
2796,2796,PB74CL7884
2797,2797,MH63TP9048
2798,2798,KA95DT5842
2799,2799,AS11EA1097
2800,2800,CG27RP7950
2801,2801,TS19KB6716
2802,2802,CG66LK8008
2803,2803,OR45IW4009
2804,2804,AP68WR2500
2805,2805,UP59IS9551
2806,2806,HR86KY2022
2807,2807,TN84QD6020
2808,2808,HR77JC3818
2809,2809,TS44WT2685
2810,2810,GJ35ZI9369
2811,2811,AP65RR5279
2812,2812,JK19TR6788
2813,2813,DL75FW4389
2814,2814,JK88MZ3069
2815,2815,UT66RT4510
2816,2816,AP64NI7610
2817,2817,PB28VM1078
2818,2818,KL18XG6663
2819,2819,CG80ID4063
2820,2820,TS11QU3544
2821,2821,UP29XL5138
2822,2822,KA48GX7659
2823,2823,KA41KE3274
2824,2824,MH94JL1846
2825,2825,AP53PE2023
2826,2826,MP21CL9412
2827,2827,DL72CH1570
2828,2828,PB18FC3960
2829,2829,KL51SE7623
2830,2830,HR89WJ4882
2831,2831,MH25EL4862
2832,2832,AS78FP2008
2833,2833,UP16KH3586
2834,2834,MH27BI1446
2835,2835,TS44RJ6322
2836,2836,KL70KI7528
2837,2837,AS41RW2507
2838,2838,PB27RK8762
2839,2839,BR92ZC6606
2840,2840,KL29ST8692
2841,2841,BR32XM4275
2842,2842,AP87VY3687
2843,2843,AS78EP2618
2844,2844,GJ99UO3731
2845,2845,KL35MZ9378
2846,2846,TS35XB9619
2847,2847,JK32FA1987
2848,2848,JK39ZK9323
2849,2849,OR89YV8898
2850,2850,TN36RH5680
2851,2851,GJ44AO8712
2852,2852,AP58NE4776
2853,2853,UT95VZ4272
2854,2854,CG11UU9055
2855,2855,MP15BY6666
2856,2856,CG34ZW3612
2857,2857,UP24QZ6484
2858,2858,KA74JA3372
2859,2859,PB87IF5137
2860,2860,TN10IH8338
2861,2861,DL27QT1393
2862,2862,PB12JK1935
2863,2863,RJ29RH2232
2864,2864,PB76QZ2595
2865,2865,PB66YK7503
2866,2866,AS94PX8146
2867,2867,UP46ZO4268
2868,2868,UT58QJ5034
2869,2869,UT61VB6842
2870,2870,PB75NI4587
2871,2871,JK68OU1431
2872,2872,PB99WS4997
2873,2873,AS54BB4570
2874,2874,TS11BK8786
2875,2875,UT19FP9194
2876,2876,PB28PT3764
2877,2877,JK72XF3189
2878,2878,TS48YM5380
2879,2879,OR51OX5842
2880,2880,MH55AJ7160
2881,2881,UP15YK8595
2882,2882,UP87QX9644
2883,2883,UP68QF3129
2884,2884,UT87XV9351
2885,2885,JK20IQ9738
2886,2886,JK58DK7871
2887,2887,KL87UP8041
2888,2888,DL59OR8948
2889,2889,TS94EQ4001
2890,2890,RJ58XQ9740
2891,2891,DL78FI8701
2892,2892,BR80DN1659
2893,2893,MP39XY6655
2894,2894,TN21KU7178
2895,2895,BR52LE3680
2896,2896,WB77NE9337
2897,2897,HR29AH2428
2898,2898,PB58ZQ5476
2899,2899,BR14TT3252
2900,2900,TN56OO5232
2901,2901,KL11OM7404
2902,2902,GJ43GF8914
2903,2903,UP29WF1677
2904,2904,MH40VJ8504
2905,2905,BR61UG6968
2906,2906,TN73HR2878
2907,2907,MP88SA6046
2908,2908,UT26KD8823
2909,2909,UT63WF6774
2910,2910,MH22KR9031
2911,2911,UT17FF7205
2912,2912,DL26RY6612
2913,2913,TS79EQ9851
2914,2914,PB41RC7494
2915,2915,JK96LH1988
2916,2916,CG26EK9705
2917,2917,HR87KF9819
2918,2918,DL82WI6313
2919,2919,UP10UG6164
2920,2920,MH55OC9257
2921,2921,JK75WC1419
2922,2922,DL21MU7092
2923,2923,BR48IR5930
2924,2924,MH92HO2804
2925,2925,UP78SA4790
2926,2926,WB75QQ5446
2927,2927,MP90TW7144
2928,2928,RJ78HO6514
2929,2929,TS42CA9882
2930,2930,MH43RB9764
2931,2931,MH68ZP1785
2932,2932,AP37EF5341
2933,2933,RJ72YR7882
2934,2934,UT78MP6762
2935,2935,HR23IP7547
2936,2936,DL53JS6099
2937,2937,AS44FU5328
2938,2938,HR10ZD2693
2939,2939,UT94VT6673
2940,2940,MP34FS8891
2941,2941,UP66FD6995
2942,2942,DL57AW2066
2943,2943,DL88PG3149
2944,2944,WB86TT6444
2945,2945,AS31KJ9260
2946,2946,BR14TT5395
2947,2947,CG72HN9190
2948,2948,UP11PU7480
2949,2949,MP32YJ5632
2950,2950,PB94TQ9006
2951,2951,TN11PV3457
2952,2952,TS81CK5954
2953,2953,TS14YB9832
2954,2954,GJ24NY2288
2955,2955,RJ35VT1235
2956,2956,PB21HR4729
2957,2957,MH72CJ5919
2958,2958,OR63KJ6561
2959,2959,WB72KO6851
2960,2960,OR58CI9440
2961,2961,CG93UY6888
2962,2962,AP98GX9229
2963,2963,MH60TW7685
2964,2964,KA59EX9539
2965,2965,UT54BG6731
2966,2966,TS82BB4543
2967,2967,HR81VU9483
2968,2968,AP60OV8111
2969,2969,GJ71FM8148
2970,2970,WB79QE7868
2971,2971,TS25JI2042
2972,2972,KA40FK7421
2973,2973,TS55MM7529
2974,2974,TS17XS6255
2975,2975,UT57BA1328
2976,2976,GJ88PK4618
2977,2977,AP93SY6123
2978,2978,MP88LD3103
2979,2979,CG76FP9612
2980,2980,MH61OI7277
2981,2981,RJ17SM6005
2982,2982,DL28RC8616
2983,2983,AS30VZ5125
2984,2984,TS71TT1722
2985,2985,AS89RW1017
2986,2986,KL89IA4989
2987,2987,WB44ZO4596
2988,2988,MP85UF6839
2989,2989,AS39ND3213
2990,2990,CG12QM9679
2991,2991,MP61WI5127
2992,2992,DL15UB8392
2993,2993,UP17AO6924
2994,2994,UP25YK7556
2995,2995,TN60TG5196
2996,2996,WB34UH9261
2997,2997,DL91SQ3428
2998,2998,WB52BF7944
2999,2999,KA51SG7196
3000,3000,TN74HE1928
3001,3001,KA20JD2079
3002,3002,MH94UB6000
3003,3003,AS37UN8271
3004,3004,KL33CQ3602
3005,3005,RJ82ZC7111
3006,3006,AS64SA2395
3007,3007,DL94MY1714
3008,3008,DL63YV5492
3009,3009,GJ84GA3228
3010,3010,JK28MR9233
3011,3011,AS31AN6835
3012,3012,DL97NC4593
3013,3013,MP55DM9532
3014,3014,CG63CM5943
3015,3015,BR66QL1588
3016,3016,WB57IG9744
3017,3017,KA89CV3754
3018,3018,MH13HX6957
3019,3019,BR84VS5684
3020,3020,JK63VF6808
3021,3021,JK34VC9020
3022,3022,HR64LN7163
3023,3023,UP54ER6519
3024,3024,WB15OF9308
3025,3025,UP24WS9763
3026,3026,DL11EC7574
3027,3027,PB14HP5920
3028,3028,HR68YG2464
3029,3029,OR24WF1874
3030,3030,AS76AY3041
3031,3031,TS38PA8635
3032,3032,TS36MR3877
3033,3033,CG79PH9154
3034,3034,UT72TE9629
3035,3035,OR64AE5837
3036,3036,TS20OZ5891
3037,3037,CG97RU1030
3038,3038,JK12HC2655
3039,3039,MP29FQ9900
3040,3040,AP11SK9439
3041,3041,RJ74AI1719
3042,3042,GJ79OT4113
3043,3043,AP30WZ3634
3044,3044,HR26ZM7504
3045,3045,AS82VV1747
3046,3046,DL96CV8088
3047,3047,TS22DX7745
3048,3048,AS58YM7173
3049,3049,UP72KN5671
3050,3050,HR96VX3125
3051,3051,GJ24EY2470
3052,3052,WB16BF6566
3053,3053,RJ65LY1455
3054,3054,UP61QF6920
3055,3055,OR78KX5781
3056,3056,HR35UG5239
3057,3057,TS40AL7510
3058,3058,JK74NR5038
3059,3059,DL33MH8088
3060,3060,PB72HE1660
3061,3061,DL43DU8827
3062,3062,DL82MP5617
3063,3063,RJ99CJ7252
3064,3064,JK33PL2939
3065,3065,DL61IJ6927
3066,3066,TS95UA9502
3067,3067,AP52AD6944
3068,3068,WB97LE9378
3069,3069,BR59FM6257
3070,3070,HR21VE4261
3071,3071,TS25JV3587
3072,3072,AS37ZP5752
3073,3073,WB91TA9929
3074,3074,PB82GF6194
3075,3075,AP32RB9205
3076,3076,MP58NE8463
3077,3077,KL33AI1396
3078,3078,DL54CJ4722
3079,3079,OR79VP6665
3080,3080,BR83IE9319
3081,3081,TS69XL7774
3082,3082,UP40JW7234
3083,3083,BR44BS8547
3084,3084,MH75FU8657
3085,3085,WB57OB5023
3086,3086,TN29RS1759
3087,3087,MH10AO7972
3088,3088,KL52BM7361
3089,3089,AS58ST3854
3090,3090,AP66WY3931
3091,3091,TN77RV6115
3092,3092,OR55DV4958
3093,3093,TS60HY4261
3094,3094,BR43CI1912
3095,3095,KL69DI1912
3096,3096,WB49DN8149
3097,3097,TS20EI6368
3098,3098,TS96RF7945
3099,3099,KA12ST8986
3100,3100,WB61DE6913
3101,3101,MP15GI4871
3102,3102,KL69HF9337
3103,3103,UP34LX5176
3104,3104,JK58PJ3269
3105,3105,AS11GW3401
3106,3106,KA28QQ2318
3107,3107,WB21RI5002
3108,3108,KA17BJ7462
3109,3109,PB47MA4608
3110,3110,GJ97UM1969
3111,3111,JK93MB9707
3112,3112,KL25OY5428
3113,3113,TS94WZ5938
3114,3114,TN40VT4383
3115,3115,DL77EX4476
3116,3116,UT82OY9538
3117,3117,WB44BD4451
3118,3118,AS44XL9916
3119,3119,MH30KW5563
3120,3120,MH71IF6019
3121,3121,DL65JP4567
3122,3122,GJ61LA5324
3123,3123,BR97AZ4034
3124,3124,RJ60WV6236
3125,3125,KL73PC7066
3126,3126,HR61BH6403
3127,3127,RJ52WG9613
3128,3128,TS56SM1650
3129,3129,OR70BZ5886
3130,3130,HR10RC4360
3131,3131,JK10AH8316
3132,3132,RJ38EV1621
3133,3133,TN30VV6085
3134,3134,AP86QM8395
3135,3135,RJ12HV6365
3136,3136,MH78TC9261
3137,3137,CG19FD8352
3138,3138,TN42LC5751
3139,3139,MP43EB9661
3140,3140,BR81MV9434
3141,3141,JK56MG5082
3142,3142,AP98HI5709
3143,3143,KL60WS9597
3144,3144,RJ28PJ1414
3145,3145,JK14WT2955
3146,3146,UP14ZW7659
3147,3147,TN33PT8186
3148,3148,MH10SZ6248
3149,3149,HR54PS2875
3150,3150,KL45DC8978
3151,3151,RJ91SD3087
3152,3152,TN54CN5101
3153,3153,KA92OL6228
3154,3154,MH60KO2285
3155,3155,KA81HP1720
3156,3156,AP95PF2875
3157,3157,WB18OU6427
3158,3158,TN80FU3032
3159,3159,HR77DB5467
3160,3160,AS53BR5526
3161,3161,CG23KO9833
3162,3162,AS74KW6967
3163,3163,TN81TL7002
3164,3164,BR89WF5531
3165,3165,OR13XW1877
3166,3166,UP71KH3683
3167,3167,CG84SP7989
3168,3168,HR10QM4584
3169,3169,HR45WB8115
3170,3170,TN65ZU4448
3171,3171,UT98LF6933
3172,3172,BR31TJ2776
3173,3173,TN12BP1001
3174,3174,GJ80TE9026
3175,3175,AS31SB9350
3176,3176,AS38NZ2679
3177,3177,MH38PX6447
3178,3178,GJ89NG2784
3179,3179,WB59RA8034
3180,3180,CG36HX7975
3181,3181,TN66HF4275
3182,3182,MH83LQ8968
3183,3183,RJ41WG3594
3184,3184,DL17WS9218
3185,3185,MP66PU7715
3186,3186,TS84PK7078
3187,3187,HR53VJ9909
3188,3188,AP67BB4614
3189,3189,WB73IZ6635
3190,3190,HR65QY8022
3191,3191,KL35RG3902
3192,3192,AP59QU8322
3193,3193,BR65AX8206
3194,3194,TS14QT6614
3195,3195,RJ12XN1582
3196,3196,UP63AL2623
3197,3197,MP84SL1343
3198,3198,OR14LS4948
3199,3199,HR61RS1301
3200,3200,JK95GN4609
3201,3201,UP87XW5554
3202,3202,HR17SR8605
3203,3203,HR50SX4901
3204,3204,KL88FW4154
3205,3205,PB98MZ3130
3206,3206,MH51CU4546
3207,3207,MH18VS3080
3208,3208,RJ88PY1864
3209,3209,UP19LI7178
3210,3210,UT47RT2947
3211,3211,TS31LY2947
3212,3212,AS82GD3937
3213,3213,AP22CL6235
3214,3214,BR48EV8627
3215,3215,TN89VK3135
3216,3216,BR46NQ4699
3217,3217,CG23ZA7168
3218,3218,JK43XU6141
3219,3219,KL35AC5189
3220,3220,KA57ZJ2869
3221,3221,GJ86FM4183
3222,3222,UP73AI4851
3223,3223,WB52SN4312
3224,3224,MP51BY1918
3225,3225,KA61HD7509
3226,3226,MH57MP1137
3227,3227,JK72DR3089
3228,3228,UT85FS4350
3229,3229,BR54CS6093
3230,3230,UT70QT9297
3231,3231,BR93NC9103
3232,3232,TS96YZ3432
3233,3233,WB64YD7311
3234,3234,UT33TY9294
3235,3235,MP31ZI6977
3236,3236,UP30PJ2909
3237,3237,CG64CS9659
3238,3238,MP37OH7647
3239,3239,HR53UO1120
3240,3240,WB97RH1924
3241,3241,KL26OM9510
3242,3242,KL38AK6528
3243,3243,MP69NE5170
3244,3244,UP14IO2022
3245,3245,UP55TM5180
3246,3246,RJ10SD2081
3247,3247,PB19XJ7146
3248,3248,OR22FC5210
3249,3249,AS16KN1168
3250,3250,HR95BU2667
3251,3251,UT43BE3895
3252,3252,KL20DS6593
3253,3253,PB86NE7608
3254,3254,BR84BY6233
3255,3255,UP13QB2790
3256,3256,JK70ZY3494
3257,3257,KL75DK1727
3258,3258,CG76PT8508
3259,3259,RJ15IC2246
3260,3260,HR48DD3519
3261,3261,MH47IK5684
3262,3262,TS59WN5839
3263,3263,CG21AD5206
3264,3264,DL71ZY8417
3265,3265,OR56LP4492
3266,3266,DL50UT5641
3267,3267,JK28KW6986
3268,3268,KL18XV4738
3269,3269,UP41EL2985
3270,3270,PB21DV4622
3271,3271,MP46ZD3598
3272,3272,UP91NG3948
3273,3273,HR98LW6472
3274,3274,TN63SJ1088
3275,3275,BR95GM2209
3276,3276,BR12IN5519
3277,3277,MH24FI1365
3278,3278,HR50JX1580
3279,3279,HR80MO5815
3280,3280,AP71YN3372
3281,3281,JK89JU8573
3282,3282,KL80AL6240
3283,3283,CG92SA8382
3284,3284,TS17AD1778
3285,3285,MH46RQ1634
3286,3286,AP55WI1679
3287,3287,UT77UJ6558
3288,3288,UT77SH8506
3289,3289,OR62BY9023
3290,3290,DL31KA5923
3291,3291,WB53TB4878
3292,3292,UT26DR5692
3293,3293,AP10VC4850
3294,3294,TS50QJ8474
3295,3295,OR84EG3154
3296,3296,UT64DZ4749
3297,3297,WB41PR3721
3298,3298,PB44LG3885
3299,3299,AS98HA8995
3300,3300,AP74YD5669
3301,3301,JK56BI5306
3302,3302,HR95RK2395
3303,3303,BR62IM4050
3304,3304,KA43XH6732
3305,3305,KA14OO9886
3306,3306,WB43UW9737
3307,3307,MH33IJ9243
3308,3308,KA36HS9464
3309,3309,AP55PR7808
3310,3310,BR17XN5600
3311,3311,DL65WO4122
3312,3312,AP34VV5981
3313,3313,AS58KG7708
3314,3314,KL12LJ1534
3315,3315,UP18NY6184
3316,3316,OR62AY4123
3317,3317,TS50RL4913
3318,3318,WB10YU4925
3319,3319,AP84KU8023
3320,3320,KA58VK7989
3321,3321,BR20YP6845
3322,3322,CG82GT2679
3323,3323,KA71DP4616
3324,3324,AS13KO7963
3325,3325,BR81SQ2905
3326,3326,HR62GN8009
3327,3327,RJ70YY5637
3328,3328,MH20HW5533
3329,3329,RJ69FL2639
3330,3330,OR31YZ4693
3331,3331,UP92WT6883
3332,3332,GJ29TU6400
3333,3333,UT20ZY4831
3334,3334,KL22DL9934
3335,3335,CG17MZ7384
3336,3336,TN58GM3257
3337,3337,TS95ID3814
3338,3338,KL66MD4130
3339,3339,AS60GY5337
3340,3340,KA18RS4927
3341,3341,TN75YK1451
3342,3342,AS61SZ6704
3343,3343,JK62ZA4223
3344,3344,KL24FG7517
3345,3345,UT47MP5537
3346,3346,UP15JR1283
3347,3347,TS52WA7982
3348,3348,OR63WS2051
3349,3349,PB67AA7165
3350,3350,BR92VW7338
3351,3351,MP33AS7957
3352,3352,JK74HS5273
3353,3353,KL72AR3740
3354,3354,TN37QN5310
3355,3355,UT43OS1915
3356,3356,WB53ZX7602
3357,3357,KL69BO1767
3358,3358,UP82DE5387
3359,3359,UT36TH4553
3360,3360,AS42HD4583
3361,3361,MP41BY8510
3362,3362,WB57JN5845
3363,3363,RJ88XV5830
3364,3364,CG62NN6050
3365,3365,KL87IC1929
3366,3366,DL30XM1459
3367,3367,MH50NG9615
3368,3368,BR17DS8199
3369,3369,UP17FW1813
3370,3370,GJ99NV9232
3371,3371,CG46JF9631
3372,3372,TN40TU6047
3373,3373,TN36QI6202
3374,3374,KA16VG6370
3375,3375,RJ66YF4242
3376,3376,KA61YS6939
3377,3377,PB41XT3323
3378,3378,PB86OS2772
3379,3379,AS65LJ2453
3380,3380,BR91YI3399
3381,3381,AS84AD5138
3382,3382,RJ43RE1444
3383,3383,WB93RT4738
3384,3384,TN74AJ2831
3385,3385,HR37IO7680
3386,3386,AP95LG7477
3387,3387,DL48NV2803
3388,3388,PB92KK8383
3389,3389,WB56FI8225
3390,3390,UT10AT2947
3391,3391,UT17UO3167
3392,3392,MH77OA2802
3393,3393,BR76TZ7045
3394,3394,HR77JF4494
3395,3395,RJ57RI6749
3396,3396,KA94IM3414
3397,3397,MP20YF4195
3398,3398,WB73ID2686
3399,3399,DL96TU2911
3400,3400,KA33AA9540
3401,3401,TN81LY6526
3402,3402,UT39LA7057
3403,3403,KA38QK9068
3404,3404,AP36TU4636
3405,3405,CG54CJ3802
3406,3406,OR93AO1866
3407,3407,OR59XJ1730
3408,3408,CG95FZ7348
3409,3409,AP31QZ3596
3410,3410,PB20FR1131
3411,3411,KL98FW9376
3412,3412,RJ17CH1777
3413,3413,KA61LL8022
3414,3414,KL79FY1335
3415,3415,BR66CY5795
3416,3416,HR67YA4265
3417,3417,RJ29GC7686
3418,3418,OR87DZ1335
3419,3419,RJ95QI6425
3420,3420,CG75FE7385
3421,3421,TN95UF2667
3422,3422,DL91RI7636
3423,3423,DL88UK1854
3424,3424,TN62HA7877
3425,3425,RJ90BM1900
3426,3426,DL36XA7087
3427,3427,UT18JS2565
3428,3428,MP55SM7347
3429,3429,BR39BU7563
3430,3430,DL50GZ6560
3431,3431,CG51ET6742
3432,3432,TS64JX8079
3433,3433,AP81IB5596
3434,3434,UT17RH7044
3435,3435,KA79FG2533
3436,3436,DL89AN7230
3437,3437,PB90QU5698
3438,3438,BR14GX3224
3439,3439,KL93CF6933
3440,3440,MH75DO9050
3441,3441,TS38AW6778
3442,3442,CG20FI7167
3443,3443,CG96SY5113
3444,3444,HR83RG1133
3445,3445,TN16OO3702
3446,3446,MH90GK9796
3447,3447,HR48AI8186
3448,3448,HR28OR8043
3449,3449,MP72UX1596
3450,3450,AP34XK8174
3451,3451,HR24XK7173
3452,3452,TN34DN9965
3453,3453,AS24XA5134
3454,3454,RJ71TJ6933
3455,3455,RJ43IT7841
3456,3456,JK90SZ9656
3457,3457,TN58YQ9791
3458,3458,MH96TZ3909
3459,3459,MP13MH7878
3460,3460,RJ31NZ3263
3461,3461,CG11ZC2765
3462,3462,TN92QC6621
3463,3463,KA50RO9934
3464,3464,UP59SX6800
3465,3465,MP70AN3059
3466,3466,PB58BX4548
3467,3467,OR68RK5020
3468,3468,MP16CS2678
3469,3469,JK48QN9010
3470,3470,TS80QC9599
3471,3471,AP24EF7111
3472,3472,KA97NQ5432
3473,3473,GJ35KE4808
3474,3474,JK95AZ1317
3475,3475,WB87TO8182
3476,3476,KA10PH6384
3477,3477,HR79FD2513
3478,3478,UT75UO7041
3479,3479,HR12DA4188
3480,3480,AP29FO8729
3481,3481,KA17MA9587
3482,3482,AS54ZY6722
3483,3483,MH81NT5431
3484,3484,OR36WI1753
3485,3485,RJ87TO6959
3486,3486,WB63YU2470
3487,3487,AS15KP5041
3488,3488,UP31GX8412
3489,3489,UT61WJ2445
3490,3490,CG61MK1546
3491,3491,GJ66AE2954
3492,3492,WB77IZ7846
3493,3493,JK46QM8127
3494,3494,OR81CI6477
3495,3495,KA21LL8721
3496,3496,BR74ET8256
3497,3497,CG49MF9670
3498,3498,AS97VA4589
3499,3499,PB21VK2392
3500,3500,CG59ZZ7195
3501,3501,CG49VN3109
3502,3502,UP19LS1827
3503,3503,BR90FT6309
3504,3504,MP86HO4981
3505,3505,AS45QH8021
3506,3506,GJ94VK8211
3507,3507,OR14GJ1702
3508,3508,DL45QJ9340
3509,3509,OR85NE1721
3510,3510,WB89GJ6727
3511,3511,KL79IO6399
3512,3512,MH33UW7926
3513,3513,CG85AN8931
3514,3514,PB55BB7415
3515,3515,MH70MX8926
3516,3516,HR99YZ3578
3517,3517,JK18OV6861
3518,3518,KL41YW5035
3519,3519,WB88VW4751
3520,3520,KL98CX2264
3521,3521,GJ79BO2761
3522,3522,PB41MT6731
3523,3523,TS19EZ9229
3524,3524,OR96XR6804
3525,3525,OR94MG9306
3526,3526,MP30RH7152
3527,3527,CG55NG7927
3528,3528,BR48LQ3503
3529,3529,TN37CM3664
3530,3530,AS99IY3986
3531,3531,DL13KE7389
3532,3532,OR55VG8381
3533,3533,MP87ZA9400
3534,3534,DL42KS4784
3535,3535,WB47DX7950
3536,3536,MH96VW7576
3537,3537,MH60EZ4510
3538,3538,MH36CS7814
3539,3539,AP74DD3136
3540,3540,TS78OM5191
3541,3541,OR66WR6856
3542,3542,AP59GP7589
3543,3543,RJ94GE4163
3544,3544,HR20JD1798
3545,3545,OR98DX1777
3546,3546,MP79KT8262
3547,3547,MH68FW1107
3548,3548,MP17JK2351
3549,3549,JK68CX6870
3550,3550,UP69IZ1549
3551,3551,CG97HA9541
3552,3552,JK49UO1435
3553,3553,AS37PG6415
3554,3554,KL33LR4553
3555,3555,UP49PY7484
3556,3556,UP18HR8264
3557,3557,BR21WG3158
3558,3558,HR36ZF5368
3559,3559,AP50RH1540
3560,3560,UP54DS6611
3561,3561,GJ87LT9911
3562,3562,MH86OA2409
3563,3563,RJ35DY3546
3564,3564,GJ39RR1697
3565,3565,UP97RO7645
3566,3566,GJ49OV7725
3567,3567,HR30XG1231
3568,3568,JK54FY7378
3569,3569,WB37ZF6475
3570,3570,UP39LM5847
3571,3571,AP12YN5650
3572,3572,KA27QR9715
3573,3573,TS21TW9403
3574,3574,PB24TG7901
3575,3575,UP93JQ2158
3576,3576,DL92FH2344
3577,3577,HR46RK5560
3578,3578,JK21RS6964
3579,3579,CG13JU8020
3580,3580,PB37SB3229
3581,3581,HR90QG8582
3582,3582,TN43CN3794
3583,3583,OR75YN4732
3584,3584,TS95CF6048
3585,3585,WB31OE4918
3586,3586,PB15LB4192
3587,3587,AS37NL6818
3588,3588,TS16FE7674
3589,3589,HR13XU7441
3590,3590,GJ49XV7659
3591,3591,TN28GH4892
3592,3592,MP33SX1045
3593,3593,MP52GD9804
3594,3594,JK54TK5031
3595,3595,KL75NT6477
3596,3596,GJ52OA4531
3597,3597,GJ50EQ8596
3598,3598,AP72NA8579
3599,3599,JK47VA5312
3600,3600,RJ16NK3023
3601,3601,UT36RF1829
3602,3602,HR93AD7226
3603,3603,TN86IW7847
3604,3604,PB66OH8179
3605,3605,TS15HI3842
3606,3606,DL91SX6883
3607,3607,DL14RL2868
3608,3608,TN61KJ7177
3609,3609,MP66BT6678
3610,3610,WB42ON6403
3611,3611,KA54PN3805
3612,3612,PB84FN9248
3613,3613,OR53VT3944
3614,3614,MH63EM2521
3615,3615,WB48JS1348
3616,3616,GJ25ZY7632
3617,3617,PB23RT8299
3618,3618,RJ70EU1971
3619,3619,WB24RZ3926
3620,3620,KL24GD9967
3621,3621,UP69DU4949
3622,3622,AS45YD1933
3623,3623,RJ45KT8902
3624,3624,AP63OI7546
3625,3625,PB12UZ2649
3626,3626,JK91GU5922
3627,3627,UP75DS4625
3628,3628,WB77BS2794
3629,3629,GJ82CQ4218
3630,3630,BR20WT1209
3631,3631,OR70GX5026
3632,3632,TS36BL2704
3633,3633,OR33KT7397
3634,3634,HR21HR7830
3635,3635,AP49OP9882
3636,3636,GJ19ON9144
3637,3637,TS58UF4531
3638,3638,AS51KZ5477
3639,3639,KA57MK8926
3640,3640,TN16AQ5234
3641,3641,HR72SM3247
3642,3642,JK75SN2308
3643,3643,MP81NJ6619
3644,3644,MH67SB9838
3645,3645,OR77DS5627
3646,3646,MP29QV6206
3647,3647,DL28SC7900
3648,3648,AP73DR2997
3649,3649,WB65YS5986
3650,3650,WB46LN7427
3651,3651,PB44QO9371
3652,3652,GJ62AE4307
3653,3653,UT60OF1722
3654,3654,GJ32JP3392
3655,3655,WB77CB5553
3656,3656,CG68RM9829
3657,3657,MH93AL7530
3658,3658,DL66WN3895
3659,3659,JK89HA7553
3660,3660,KA81LM7974
3661,3661,WB29KL3134
3662,3662,MP97ZE2471
3663,3663,AP35FL1924
3664,3664,JK39GE8173
3665,3665,RJ42FK1553
3666,3666,RJ69DC5444
3667,3667,KA93GV8220
3668,3668,KA24NR5050
3669,3669,KA52OW9771
3670,3670,KA41IM8869
3671,3671,TN84CH6134
3672,3672,AP92AL4153
3673,3673,TN69SC1952
3674,3674,TN47QR6669
3675,3675,WB44OX6244
3676,3676,GJ42HK2271
3677,3677,WB14DI8605
3678,3678,MP19RV7801
3679,3679,AP27CQ7004
3680,3680,MP59QO5585
3681,3681,BR57AV5600
3682,3682,AP14GX5362
3683,3683,UP17HQ9191
3684,3684,BR84XT4581
3685,3685,KA36EJ8551
3686,3686,RJ59YZ1972
3687,3687,MP80RE5749
3688,3688,HR94ME8725
3689,3689,OR10KW1300
3690,3690,OR20WK4263
3691,3691,UP19IU3007
3692,3692,MH64AU1254
3693,3693,TS53NR9324
3694,3694,CG91RL6639
3695,3695,WB53OB5483
3696,3696,MP89FY7960
3697,3697,TN59IE7591
3698,3698,TS77UU8320
3699,3699,KA67GR2102
3700,3700,AS59HN3663
3701,3701,KL83JG5277
3702,3702,KA28TU3036
3703,3703,RJ58CG7510
3704,3704,AS30GO3232
3705,3705,MH82SG9458
3706,3706,KL59ZF4132
3707,3707,JK92ED2754
3708,3708,MH65AU6817
3709,3709,BR24KU7726
3710,3710,WB83IJ9874
3711,3711,KL44XG7944
3712,3712,TS42RH3619
3713,3713,CG75QL5434
3714,3714,MH34NF2787
3715,3715,KL39DL9867
3716,3716,HR87SZ3781
3717,3717,PB83JY5774
3718,3718,GJ48WA3283
3719,3719,UT12TE9368
3720,3720,BR37WL3557
3721,3721,OR74YF9149
3722,3722,UT93UI2853
3723,3723,JK31FL8586
3724,3724,OR85ZK1995
3725,3725,UT63FY8023
3726,3726,MH77AG3803
3727,3727,PB88IT5652
3728,3728,RJ55XN1845
3729,3729,GJ23VG1743
3730,3730,KA48SR5577
3731,3731,HR12GF2884
3732,3732,DL28SR1253
3733,3733,BR15RC3027
3734,3734,TS38YX2305
3735,3735,TS18US1494
3736,3736,PB35JN2903
3737,3737,UT85QI4044
3738,3738,JK66OS3504
3739,3739,UT14LU7572
3740,3740,AS45PA9314
3741,3741,PB79LO7913
3742,3742,UP48OQ3655
3743,3743,DL17GZ8910
3744,3744,GJ12ZW2839
3745,3745,UP14XN1749
3746,3746,MH97SQ9039
3747,3747,PB77LD4982
3748,3748,UP61SS2071
3749,3749,MH41EO4386
3750,3750,AP41OC6356
3751,3751,MH66VM5007
3752,3752,RJ10QJ9098
3753,3753,UP91RE7134
3754,3754,MH35NV1489
3755,3755,RJ86WL4399
3756,3756,WB81BL6966
3757,3757,TN82VH2650
3758,3758,UP46FG3511
3759,3759,PB72CD1122
3760,3760,TN19PF9562
3761,3761,KL20SC8624
3762,3762,TN79LT9929
3763,3763,PB19ET4438
3764,3764,CG21HD5528
3765,3765,DL99GT2038
3766,3766,KL74PI5466
3767,3767,BR61PU6488
3768,3768,UT75QN2230
3769,3769,JK51DK1923
3770,3770,RJ50TL6114
3771,3771,MP77XE3522
3772,3772,RJ67JH8863
3773,3773,DL44FL7633
3774,3774,OR73AM1946
3775,3775,RJ24PJ1790
3776,3776,TN13PI6011
3777,3777,PB83DC1604
3778,3778,UT48SJ6002
3779,3779,KL73XL9895
3780,3780,KA63YH4795
3781,3781,AP57YA4389
3782,3782,WB69HF8373
3783,3783,KL45GJ9813
3784,3784,OR11KV6650
3785,3785,AP76RE3104
3786,3786,KA85NV6193
3787,3787,TS27ZL8808
3788,3788,DL94DS7601
3789,3789,UT22IT9822
3790,3790,PB50FU4951
3791,3791,WB33OT7273
3792,3792,TS79SG5459
3793,3793,TN30GO7507
3794,3794,MH11QE9630
3795,3795,WB31HH5690
3796,3796,BR86ZN2906
3797,3797,KA24MT6088
3798,3798,KA72WH9512
3799,3799,WB18VX4403
3800,3800,KA25DP1681
3801,3801,GJ43HE6387
3802,3802,BR77GR7763
3803,3803,MH20KA5230
3804,3804,KA49BG9151
3805,3805,OR51KK8112
3806,3806,AP47AC1932
3807,3807,WB21UU7667
3808,3808,TN21LR7625
3809,3809,AS91VD3210
3810,3810,UP26GJ9794
3811,3811,KA90TD3874
3812,3812,KL72DK3297
3813,3813,TN69KS8493
3814,3814,PB40QK9246
3815,3815,RJ34JL3207
3816,3816,DL87DK6072
3817,3817,TS97OG3870
3818,3818,TS10BH8673
3819,3819,CG70DO9126
3820,3820,UT20TV8220
3821,3821,KL35KU7892
3822,3822,GJ81OL3847
3823,3823,BR65CZ8931
3824,3824,TS10QM2821
3825,3825,TS25MW3159
3826,3826,GJ81CR1218
3827,3827,RJ57TJ7914
3828,3828,OR56XB9183
3829,3829,JK80GI4281
3830,3830,TN73UY2513
3831,3831,DL71NF9606
3832,3832,UT70YJ7506
3833,3833,MP52AU2764
3834,3834,UT70SQ6506
3835,3835,OR37OD4000
3836,3836,RJ32JC4900
3837,3837,UT31VP6035
3838,3838,WB21KN3417
3839,3839,DL33DY4512
3840,3840,UT76VT8927
3841,3841,TS33FN2764
3842,3842,JK49HA6994
3843,3843,RJ24TW1803
3844,3844,MH34WM7816
3845,3845,RJ39IE1896
3846,3846,AP67BI3506
3847,3847,PB93CL1304
3848,3848,UT69MW3481
3849,3849,TS54MH4672
3850,3850,BR41FM1902
3851,3851,MH69BE1981
3852,3852,TN52RQ9147
3853,3853,OR39BP6177
3854,3854,CG68QN9218
3855,3855,WB40PK6077
3856,3856,KL87PJ4439
3857,3857,TS63AV4297
3858,3858,CG18OD8659
3859,3859,PB68ZR3050
3860,3860,JK23BF3511
3861,3861,CG10KS8216
3862,3862,RJ56FC3342
3863,3863,PB72PW8785
3864,3864,JK80SJ5675
3865,3865,PB87LF3144
3866,3866,UP37AK4143
3867,3867,MP40CV2891
3868,3868,DL98FW1752
3869,3869,KA45RE3374
3870,3870,AS56LU4278
3871,3871,UP87HB9305
3872,3872,WB91WP8548
3873,3873,KA51NZ7752
3874,3874,HR63RA8085
3875,3875,TS36RD9138
3876,3876,GJ16EB2653
3877,3877,KL69GD5790
3878,3878,RJ95OR3911
3879,3879,OR50TT6416
3880,3880,RJ44DZ4508
3881,3881,AP43DT9214
3882,3882,MP26YJ4669
3883,3883,JK23NA6891
3884,3884,WB99ZJ8390
3885,3885,GJ51TD1361
3886,3886,PB77LN4553
3887,3887,BR76EY1171
3888,3888,GJ74MA7797
3889,3889,BR89AR2064
3890,3890,TN71BU3334
3891,3891,MP80YB7473
3892,3892,TN62ES6799
3893,3893,PB66DY5717
3894,3894,WB98VI8775
3895,3895,WB56JS2560
3896,3896,AS24VS3209
3897,3897,CG59TD6527
3898,3898,WB84DK9876
3899,3899,JK46VV9005
3900,3900,BR50JE3487
3901,3901,WB89BN6470
3902,3902,MP87GH3886
3903,3903,CG40HC2249
3904,3904,TS84UL9088
3905,3905,UT90CS3989
3906,3906,UT69ZY7304
3907,3907,WB46SQ6052
3908,3908,AS43XA9329
3909,3909,TS56KR4483
3910,3910,KL53PV6084
3911,3911,UP42NT7743
3912,3912,HR87US3993
3913,3913,JK34EW2665
3914,3914,KA26SM1489
3915,3915,GJ45HO4143
3916,3916,WB80JD6290
3917,3917,DL47ZJ9977
3918,3918,UT58ZQ4864
3919,3919,OR91AX8619
3920,3920,MH46MZ6811
3921,3921,MP97UK2088
3922,3922,CG51OU6498
3923,3923,JK15SQ1930
3924,3924,RJ20VI5294
3925,3925,TN63XD2186
3926,3926,PB47JD3167
3927,3927,TS90ZO3426
3928,3928,BR32NX2233
3929,3929,AP74AK7664
3930,3930,CG21CP7822
3931,3931,UT96KM6781
3932,3932,WB95XA6643
3933,3933,AP84HW1413
3934,3934,BR73KZ7131
3935,3935,MH67SF6753
3936,3936,MH69EQ3766
3937,3937,AS51ZB5371
3938,3938,UT67QM9346
3939,3939,WB80QL7755
3940,3940,JK62YD8653
3941,3941,KA96BQ8108
3942,3942,KL93IC7505
3943,3943,PB94HQ2468
3944,3944,KA39ZR8735
3945,3945,RJ81JW5345
3946,3946,AS88QO2785
3947,3947,JK31YQ2792
3948,3948,RJ40CK8258
3949,3949,MH27RX5151
3950,3950,MH34CI6709
3951,3951,GJ17JN6228
3952,3952,RJ66AS3421
3953,3953,UP42ZW1403
3954,3954,UT58BF4980
3955,3955,HR80FC1146
3956,3956,GJ32NY6705
3957,3957,GJ11PB2124
3958,3958,BR65XT3540
3959,3959,UT57YQ2123
3960,3960,KL77RO5448
3961,3961,UT69MJ7223
3962,3962,HR77LR7084
3963,3963,RJ68XZ7010
3964,3964,KL57ZX1366
3965,3965,RJ15SU7198
3966,3966,RJ81UM7849
3967,3967,HR93QW6212
3968,3968,UP46TF7805
3969,3969,AP25LN9883
3970,3970,MH69EX2913
3971,3971,TS64TB8006
3972,3972,DL52BN1210
3973,3973,AS88ZW6711
3974,3974,PB30XQ4412
3975,3975,DL69XR1850
3976,3976,MP66NQ5374
3977,3977,CG22HH5925
3978,3978,BR24VT8469
3979,3979,RJ40TG3651
3980,3980,TS97PS6170
3981,3981,MP14VW3256
3982,3982,TN88QI6458
3983,3983,UP23OD1055
3984,3984,UP10RF2406
3985,3985,TS68HX3890
3986,3986,UP14QL7465
3987,3987,AS93DK4753
3988,3988,MH60QK5248
3989,3989,GJ43TS6429
3990,3990,TS91RY3247
3991,3991,TS33CF8611
3992,3992,JK43UW1567
3993,3993,GJ14VU1556
3994,3994,KL51EW5631
3995,3995,AP22MC4726
3996,3996,TN45EV2445
3997,3997,JK70KW7345
3998,3998,UT67RJ2594
3999,3999,MP99EV4130
4000,4000,WB20VT1220
4001,4001,HR93UL7565
4002,4002,MH33OM1787
4003,4003,WB58RA2775
4004,4004,BR43QZ2059
4005,4005,WB35PL9723
4006,4006,HR55FO7579
4007,4007,KA98BO9353
4008,4008,MP60UP2404
4009,4009,BR75IV5195
4010,4010,BR73ZM8886
4011,4011,MH46MO1877
4012,4012,TS76WM4569
4013,4013,RJ89ET6153
4014,4014,WB85TP6577
4015,4015,UP18BM6312
4016,4016,TN29UN5008
4017,4017,DL40JU4252
4018,4018,KA38KH4436
4019,4019,TS50UQ8574
4020,4020,KL19CY7122
4021,4021,JK16QG5973
4022,4022,UT27UD8621
4023,4023,AP50DD6546
4024,4024,TN61NL9437
4025,4025,AS31XN1066
4026,4026,MP81UB5905
4027,4027,TS99ZJ7835
4028,4028,AP55FL7190
4029,4029,BR56ER2319
4030,4030,OR52OP6364
4031,4031,AS81CR9794
4032,4032,HR27VT5006
4033,4033,TN34KK2794
4034,4034,KL94AU7552
4035,4035,DL54UZ9740
4036,4036,PB85OZ6901
4037,4037,AS80SY1602
4038,4038,BR73EO2320
4039,4039,AP69AU2051
4040,4040,JK36RU9168
4041,4041,CG77PB6366
4042,4042,BR39MV6128
4043,4043,WB65VH2312
4044,4044,TS94DO7001
4045,4045,KA61FR1415
4046,4046,TN25XE6455
4047,4047,RJ84GC3487
4048,4048,UT90HA9251
4049,4049,AS37YS4573
4050,4050,TS17OQ6640
4051,4051,JK29TP9904
4052,4052,AP58RH2658
4053,4053,UP46CT8514
4054,4054,TN50JZ8406
4055,4055,UT14FV8432
4056,4056,HR97QW2541
4057,4057,AP99YG5868
4058,4058,CG54SP7427
4059,4059,BR11BD7321
4060,4060,UT78AN4569
4061,4061,HR56XS1541
4062,4062,BR45SN8594
4063,4063,OR95KZ7645
4064,4064,MH24EB6672
4065,4065,GJ73AV9907
4066,4066,WB25OP9883
4067,4067,MP87UV5131
4068,4068,HR73TH7761
4069,4069,OR36CD4015
4070,4070,RJ59PG1258
4071,4071,PB13CY8052
4072,4072,HR73XI7361
4073,4073,MP46NW3504
4074,4074,MP97SO8847
4075,4075,UT40HN5037
4076,4076,MP51HA8703
4077,4077,KL60RR5982
4078,4078,PB77OW7985
4079,4079,MP31EK8514
4080,4080,KL19BT5356
4081,4081,AP34DZ1519
4082,4082,BR36EO6692
4083,4083,CG20OU8670
4084,4084,KA93RE8520
4085,4085,TS85HL1628
4086,4086,OR24PB7290
4087,4087,RJ13KS8885
4088,4088,AP51LS5537
4089,4089,AP33GF1916
4090,4090,MP87QD7018
4091,4091,UT13PQ4018
4092,4092,OR81QZ3424
4093,4093,JK63YT1525
4094,4094,AS98EZ4867
4095,4095,TN74CN8209
4096,4096,UP39LE9551
4097,4097,MP82ZA6919
4098,4098,UP40XH5240
4099,4099,HR27GO3653
4100,4100,KL41IV5675
4101,4101,KA92TP2993
4102,4102,BR88GN6179
4103,4103,PB82ZY9051
4104,4104,MP57RX6231
4105,4105,KL12VR9495
4106,4106,AP83JC7905
4107,4107,RJ95BD6453
4108,4108,DL59AW5957
4109,4109,HR89LD9427
4110,4110,UP89QP4688
4111,4111,AS60RQ5192
4112,4112,WB54ZH8590
4113,4113,JK61SC7043
4114,4114,UP84LW7721
4115,4115,BR59VT6790
4116,4116,MH10AW4135
4117,4117,TN70QG4769
4118,4118,AS70MD4370
4119,4119,OR10VD6764
4120,4120,UP57QB2144
4121,4121,AS54UY6861
4122,4122,CG68CD8646
4123,4123,PB70SQ1448
4124,4124,TN18KW5916
4125,4125,CG34QQ8705
4126,4126,MH74XE3803
4127,4127,UT49OG7283
4128,4128,AP88DA1341
4129,4129,KA12GA5204
4130,4130,MH24RN6873
4131,4131,DL71MF4818
4132,4132,RJ32TY2781
4133,4133,BR96QB9611
4134,4134,GJ79XA1867
4135,4135,JK72CS8950
4136,4136,DL13SC9217
4137,4137,MH74WG6030
4138,4138,BR94AO5079
4139,4139,OR98KT8499
4140,4140,MP43GJ2246
4141,4141,JK74ZD8434
4142,4142,GJ20QH1975
4143,4143,OR31DP6602
4144,4144,UT94QV9561
4145,4145,OR99EU5869
4146,4146,HR13PK9446
4147,4147,DL91FJ9111
4148,4148,MP18XC3653
4149,4149,BR83JK9788
4150,4150,OR57QW3412
4151,4151,OR69PW5110
4152,4152,DL54IQ3412
4153,4153,AS72IG4615
4154,4154,CG34UQ6113
4155,4155,AP32QI6926
4156,4156,KL92HW9215
4157,4157,RJ79ZO6130
4158,4158,UP12AH4592
4159,4159,AP24FL9325
4160,4160,AS11CF9508
4161,4161,TN80XO7966
4162,4162,WB80BF4243
4163,4163,OR91VI4741
4164,4164,GJ32QZ1348
4165,4165,AS20XC9051
4166,4166,TS24HO1525
4167,4167,BR61LN9687
4168,4168,AS45NZ6877
4169,4169,DL59BC7626
4170,4170,PB20OC4506
4171,4171,RJ58JQ3846
4172,4172,MP94RW7004
4173,4173,HR32YP4820
4174,4174,WB94YK3759
4175,4175,DL79CV1801
4176,4176,RJ93UH3368
4177,4177,WB10HV1959
4178,4178,RJ23XD8606
4179,4179,JK73PQ3124
4180,4180,UP64SJ1779
4181,4181,DL33HC1792
4182,4182,GJ66IB4746
4183,4183,WB61VS1088
4184,4184,AP77XH7078
4185,4185,BR36AC9726
4186,4186,MP98LF2170
4187,4187,JK17DA4412
4188,4188,MH47KO5311
4189,4189,TN44BC1560
4190,4190,TS87CF8848
4191,4191,TN67GH9842
4192,4192,PB55OS5687
4193,4193,UT40HL6453
4194,4194,KL32WD4203
4195,4195,RJ84GU6322
4196,4196,AS83UT2704
4197,4197,DL89DH7634
4198,4198,CG82OV4861
4199,4199,AS20WQ3487
4200,4200,DL13WS6969
4201,4201,RJ65LU1448
4202,4202,JK68UP5647
4203,4203,CG88YV2656
4204,4204,MP72BE9527
4205,4205,TS85AC4694
4206,4206,DL68TA5408
4207,4207,WB75SZ7557
4208,4208,JK74YX9727
4209,4209,AP37XK9983
4210,4210,UT42IB9623
4211,4211,WB77ZT3972
4212,4212,AP60GO6799
4213,4213,GJ49YU2979
4214,4214,OR21ZS2949
4215,4215,KA29TM9383
4216,4216,CG72TE4072
4217,4217,UP14FS6348
4218,4218,MP37RS7796
4219,4219,PB69EZ2675
4220,4220,DL52JU1512
4221,4221,OR38BD4428
4222,4222,MP22DS7203
4223,4223,MH45KX3464
4224,4224,AP55EA7620
4225,4225,AP73GP4890
4226,4226,TS84FS3639
4227,4227,AP48ID1039
4228,4228,CG46EM6366
4229,4229,KL87QG7920
4230,4230,CG78CB3326
4231,4231,WB18NC9818
4232,4232,KL30NT9286
4233,4233,RJ69QF4311
4234,4234,GJ73VG9273
4235,4235,OR25NC4916
4236,4236,CG25GZ3813
4237,4237,CG37LZ3498
4238,4238,KL33NF7971
4239,4239,MH41DP1897
4240,4240,WB75WS5796
4241,4241,CG70PV3023
4242,4242,WB82UC2692
4243,4243,JK17KC8076
4244,4244,BR49VW5052
4245,4245,HR77GG6883
4246,4246,UP18IP6470
4247,4247,UP93MZ8208
4248,4248,TN13YF9749
4249,4249,KA80VQ1156
4250,4250,TS96EO3324
4251,4251,AS42QK8958
4252,4252,JK25HV4480
4253,4253,AS31AZ3872
4254,4254,UT23EG8768
4255,4255,AP57AS8528
4256,4256,MH18MV8048
4257,4257,KA43PE3192
4258,4258,OR34FH6325
4259,4259,TN26WW6502
4260,4260,BR22BE4927
4261,4261,RJ87OY7511
4262,4262,BR52YW9185
4263,4263,PB12LQ6581
4264,4264,AP75FA1867
4265,4265,BR49NE7773
4266,4266,UP37DH8293
4267,4267,PB92QC9521
4268,4268,WB35DI2387
4269,4269,KA75KM5162
4270,4270,BR60WQ4438
4271,4271,MP60KK6516
4272,4272,UT38ZN1896
4273,4273,PB95AY7063
4274,4274,MH13MH6526
4275,4275,AS98SS6595
4276,4276,RJ86XO8382
4277,4277,CG91LH6373
4278,4278,GJ59PW7525
4279,4279,KA47ED9328
4280,4280,OR39BB4374
4281,4281,AP59GC4838
4282,4282,OR92TD6386
4283,4283,TS48IR1874
4284,4284,GJ29HI7769
4285,4285,UP93BM1901
4286,4286,AP67ED6240
4287,4287,UT33DZ4548
4288,4288,MP22TV5978
4289,4289,CG61NT5023
4290,4290,PB79DP6498
4291,4291,TS45QS4244
4292,4292,AP33BD7938
4293,4293,DL14CT4930
4294,4294,AS33FC8771
4295,4295,CG73MF5495
4296,4296,DL68KH6483
4297,4297,JK58BN8884
4298,4298,MP82GS9892
4299,4299,MH16AZ2327
4300,4300,PB51XG3026
4301,4301,UP66QT4343
4302,4302,AP32MM7781
4303,4303,OR63DI8843
4304,4304,PB59ME5818
4305,4305,UP73QA1996
4306,4306,UP88MS3193
4307,4307,JK51AC6276
4308,4308,AS64UJ7163
4309,4309,DL97FB8003
4310,4310,TN17CZ2370
4311,4311,MH49UT2985
4312,4312,DL81KT2177
4313,4313,BR87RK8736
4314,4314,HR76VP6405
4315,4315,MH92JF3940
4316,4316,MH38WU5896
4317,4317,WB19AE7717
4318,4318,MH76JE9520
4319,4319,RJ77BL1770
4320,4320,TS40PJ9417
4321,4321,JK92ZP2600
4322,4322,UT29QU9036
4323,4323,TS87OM4964
4324,4324,MP51TF6971
4325,4325,KL51DM5685
4326,4326,KA45NV1885
4327,4327,DL52NK6128
4328,4328,OR37AB2049
4329,4329,CG88AM8378
4330,4330,UP56MQ2031
4331,4331,GJ84FQ2850
4332,4332,TN52PM5495
4333,4333,RJ58RN9016
4334,4334,KA57QS2013
4335,4335,RJ38RT5186
4336,4336,WB17JN8388
4337,4337,PB14OE3479
4338,4338,MP69BF3451
4339,4339,UP71VJ1816
4340,4340,PB56QF7055
