Variant_ID,Variant,Model_ID
1,Vista Aqua 1.4 TDI,1
2,Lx BSIV,2
3,Vista Aqua TDI BSIII,1
4,R LXI Minor,3
5,LT,4
6,Lx,2
7,Estilo VXI BSIV,5
8,Vxi,6
9,Diesel LS,4
10,TDI,7
11,LX,8
12,VDi,9
13,1.0 LS,10
14,Vista Terra 1.4 TDI,1
15,LS BSII,7
16,800 LXI,8
17,CX SE,2
18,Magna 1.2,11
19,Executive,12
20,Titanium 1.5 TDCi,13
21,Era Plus,14
22,1.0 Era Plus,14
23,D Lite Plus,14
24,Vista Quadrajet LS,1
25,Diesel Titanium,15
26,Diesel Trendline 1.2L,16
27,Vista Aura 1.2 Safire,1
28,Aura (ABS) Safire BS IV,17
29,Vista Aqua 1.3 Quadrajet,1
30,1.0 LT,10
31,CR4,7
32,LXi,8
33,LX,7
34,Vista TDI LX,1
35,MPI STD BSIV,18
36,1.0 LT BS3,10
37,K10 LXI,8
38,CS LE (TDI) BS-III,7
39,Aura Safire BS IV,17
40,Diesel LT,4
41,Executive CNG,12
42,Vista Aqua 1.2 Safire BSIV,1
43,Sportz 1.2,11
44,GLS,7
45,V2 DLS BSII,1
46,1.6 LT with ABS,19
47,R VXI BS IV,3
48,Xing GLS CNG,20
49,R LXI CNG,3
50,GLS BS IV,1
51,R LXI BS IV,3
52,Vista Terra Quadrajet 1.3L,1
53,Vista Quadrajet LX,1
54,1.99 S10,21
55,T Jet Emotion,22
56,K10 VXI,8
57,AT VXI,6
58,Cx BSIV,2
59,Petrol Titanium,15
60,Xing GL,20
61,Xing GLS,20
62,1.0 PS,10
63,Diesel XV Premium,23
64,1.0 Kappa Magna Plus,14
65,Diesel,4
66,SX Diesel,24
67,800 Base,8
68,1.5 D2 BSIII,25
69,Magna Plus,14
70,K10 2010-2014 VXI,8
71,Magna,11
72,1.3 Emotion,26
73,Vista Aura Plus 1.3 Quadrajet,1
74,U-VA 1.2 LS,19
75,Petrol ZXI,15
76,1.0,10
77,LS,7
78,CS Emax CNG GLX,7
79,Diesel PS,4
80,Punto 1.3 Dynamic (Diesel),27
81,Vista TDI LS,1
82,Twist XE,2
83,Aura (ABS) Quadrajet BS IV,17
84,GX TC 8 Str,28
85,LT Option,4
86,Vista Quadrajet VX,1
87,RXT,29
88,Cx BSIII,2
89,Vxi BSIV,30
90,LS,4
91,Sportz,14
92,C4,31
93,AC,32
94,XM,2
95,SLX,33
96,LXi BSIII,8
97,1.3 GVS,34
98,Petrol LXI,15
99,E MPI STD BS IV,18
100,800 CNG LXI,8
101,800 VXI,8
102,Estilo LXI Green (CNG),5
103,1.5 D4 BSIV,25
104,8 Seater BSIV,18
105,Estilo LX BSIV,5
106,Safari DICOR 2.2 EX 4x2,35
107,Safari DICOR 2.2 EX 4x2,158
108,R Duo Lxi,3
109,D Lite,14
110,XT EX 4X4,36
111,1.05 Revotorq XM,37
112,Xing GL Plus,20
113,Classic 1.4 Duratorq CLXI,13
114,Magnum 2.0 LS,38
115,V,39
116,EX,40
117,Aura Safire,17
118,PS,4
119,XL D,41
120,5 STR With AC Plus HTR CNG,42
121,STD,2
122,VXI,9
123,T Option BSIV,43
124,ZXI MT BSIV,30
125,Dzire Vdi BSIV,44
126,Lx BSIII,2
127,Dzire VDI,44
128,1.4 ZXi Duratec,13
129,T Option,45
130,R DUO LPG,3
131,R VXi BSII,3
132,LX SE,2
133,Era,11
134,800 LX,8
135,Active XV S,23
136,XL,41
137,Club Class Quadrajet90 LS,17
138,Celebration Edition BSIV,46
139,1.3 Active,26
140,1.6 CRDI,24
141,R Stingray VXI,3
142,VDi,47
143,Green LXi (CNG),8
144,C6,31
145,D2 BS IV,46
146,R LX BS IV,3
147,VDI,44
148,RXL,29
149,1.2 Sportz,48
150,1.3 Emotion,22
151,GLE CNG,12
152,Diesel EXI,15
153,Era 1.1 iTech SE,11
154,ELAN Quadrajet BS IV,17
155,LS Dicor,7
156,1.4 Duratorq LXI,49
157,1.4 Duratorq LXI,105
158,Aqua Quadrajet BS IV,17
159,Safari DICOR 2.2 VX 4x2,35
160,Safari DICOR 2.2 VX 4x2,158
161,Celebration Petrol,30
162,VDI BSIV,44
163,Diesel ZXI,15
164,Vista Aura 1.3 Quadrajet BSIV,1
165,1.3 LS,50
166,LX,2
167,Diesel XL,41
168,1.2 Base,50
169,V MT,51
170,Emotion,22
171,Dzire LXI Option,44
172,1.2 Active,26
173,Std,2
174,1.3 GLS,34
175,8 Seater BSII,18
176,Celebration Diesel,30
177,Magna,48
178,Sportz AT,11
179,1.6 TDI Elegance,52
180,Quadrajet XE,53
181,R VXI BS IV with ABS,3
182,Diesel Trend,13
183,1.3 TCDi LS 8,54
184,R LX Minor,3
185,1.0 RXL,29
186,R LXI,3
187,Sportz 1.1L,11
188,E MT,51
189,GLX,12
190,CS LX (TDI) BS-III,7
191,Magna 1.1L,11
192,Liva G,39
193,CS eLX BS IV,7
194,Power Plus Plus AC BSIV PS,33
195,Vdi BSIII,44
196,CRDe,55
197,R AMT VXI,3
198,1.5 S MT,56
199,CX,2
200,1.4 LS,19
201,Plus T Option BSIV,43
202,Magna 1.4 CRDi (Diesel),48
203,Sportz,11
204,Std,32
205,LXi,9
206,Aura Quadrajet BS IV,17
207,A,43
208,Asta 1.4 CRDi,48
209,C8,31
210,1.6 VTVT,24
211,1.4 Emotion,26
212,Xing GLS Audio LPG,20
213,110PS Diesel RxZ,57
214,Revotron 1.2T XMS,58
215,Magnum 2.0 LS BSIII,38
216,Grand Dicor,7
217,Sportz Petrol,48
218,LXI,44
219,1.6 Duratec LXI,49
220,1.6 Duratec LXI,105
221,E4,46
222,1.5 TDI Trendline,16
223,GD,39
224,RXL BSIV,29
225,800 LXI CNG,8
226,1.5 D2 BSIV,25
227,1.5 V AT,56
228,5 Seater AC BSIV,42
229,AMT 1.0 S,45
230,1.5 TDCi Titanium,13
231,Dzire LXi,44
232,R VXI BSIII,3
233,Twist XT,2
234,Grand Petrol,7
235,Hatchback LT ABS,50
236,Dzire LDI,44
237,LPG Magna Plus,14
238,SLX 2WD,33
239,Safari DICOR 2.2 GX 4x2 BS IV,35
240,Safari DICOR 2.2 GX 4x2 BS IV,158
241,1.1 CRDi Base,59
242,Hatchback LS ABS,50
243,CS eLS BS IV,7
244,Era Plus Option,14
245,R VXI Minor,3
246,XL,23
247,Emotion (Diesel),22
248,Diesel Highline,60
249,1.4 CNG,19
250,R VXI Optional,3
251,2.5 EV Diesel PS 7 Seater BSIII,61
252,Diesel Celebration Edition,15
253,S MT,51
254,D4 BSIV,46
255,Diesel Style Limited Edition,60
256,Magna 1.2 iTech SE,11
257,7 Seater Standard BSIV,42
258,Punto Emotion 90Hp,27
259,Punto EVO 90HP 1.3 Sport,27
260,Diesel LXI,15
261,ZDI,30
262,1.0 LT Option Pack w/ Airbag,10
263,1.0,29
264,R Stingray LXI,3
265,Liva GD SP,39
266,VXi,9
267,LXI,62
268,1.2 S MT,51
269,Vista Terra Quadrajet 1.3L BS IV,1
270,1.4 CRDi Era,48
271,Vista Aqua 1.3 Quadrajet BSIV,1
272,Magnum 2.0 LT,38
273,E i-Dtech,63
274,1.5 D6 BSIII,25
275,800 LXI Airbag,8
276,GLX,7
277,Diesel Comfortline,60
278,i10 1.2 Kappa Sportz Dual Tone,64
279,i10 1.2 Kappa Sportz Dual Tone,133
280,i10 1.2 Kappa Sportz Dual Tone,134
281,DI,33
282,i10 Sportz,64
283,i10 Sportz,133
284,i10 Sportz,134
285,1.5 V MT,56
286,R LXI LPG BSIV,3
287,Asta,48
288,E4 ABS BS IV,46
289,Petrol Highline AT,60
290,Diesel XV,23
291,1.9 L TDI,65
292,LX,28
293,Estilo 1.1 LXI BSIII,5
294,Punto EVO 1.3 Active,27
295,R VXI,3
296,LXI,8
297,Xing XL eRLX Euro III,20
298,LTZ,66
299,Dzire VDi,44
300,CRDi,12
301,Vibe 1.5 dCi D4,25
302,Club Class Quadrajet90 VX,17
303,Star VDI,44
304,Ldi BSIV,44
305,Dzire ZDI,44
306,1.6 MPI Active,52
307,1.5D Ambiente ABS MT,15
308,Liva VX,39
309,1.0 Ecoboost Titanium Optional,67
310,Hatchback 1.2 LS,50
311,1.0 MPI Trendline,16
312,1.0 S,45
313,LSI,1
314,VDI,68
315,VX,39
316,LDi,9
317,2011-2019 SLE,33
318,Dzire VXi,44
319,Transform VTVT,24
320,VXI,47
321,VD,39
322,Safari DICOR 2.2 GX 4x2,35
323,Safari DICOR 2.2 GX 4x2,158
324,Dzire LDi,44
325,RXT Optional,29
326,Diesel Trendline,60
327,Ambiente 2.0 TDI CR MT,69
328,VXI BSIII,44
329,Magna LPG,11
330,Altis Diesel D4DG,70
331,Petrol Highline 1.2L,16
332,1.2 Sport,71
333,1.2L Diesel Ambiente,72
334,VXI,5
335,Asta 1.2,48
336,1500 DSL AC,73
337,Active (Diesel),22
338,LX Dicor,7
339,1.2 DLX,44
340,LT,66
341,XT EX 4X2,36
342,Vista Quadrajet 90 VX,1
343,Liva GD,39
344,1.5 CRDi GVS,34
345,CRDi SX,24
346,Estilo Sports,5
347,R LXI DUO BS IV,3
348,Climber 1.0 AMT BSIV,29
349,Magna Optional 1.2,48
350,1.0 TSI Highline Plus,60
351,Plus A,43
352,Transform SX VTVT,24
353,1.9 Highline TDI,65
354,Plus T,43
355,GD SP,39
356,Magna,14
357,Vxi BSIII,30
358,Magna 1.1,11
359,VXI Optional,44
360,1.2 CRDi E,59
361,T Petrol,43
362,Victa CX 7/9 Str BSII,28
363,Vista Aqua 1.3 Quadrajet ABS BSIV,1
364,1.2 Kappa S,59
365,K10 VXI AGS,8
366,1.0 RXT Optional,29
367,IPL II Diesel Trendline,60
368,LS B3 7 Seats BSII,74
369,GS,20
370,1.4 Duratec ZXI,13
371,S i-Dtech,63
372,1.2 TDI Active,72
373,LT L1 7 Seats BSIII,74
374,K10 VXI AGS Optional,8
375,1.2 Magna,48
376,2.0 TDI Trendline,65
377,LX BSIII,8
378,Estilo LXI BSIII,5
379,E i-VTEC,63
380,1.8 TFSI MT,75
381,Ldi BSIII,44
382,100 mFALCON G80 K8 5str,76
383,V i DTEC,77
384,800 Std Optional,8
385,LX BSIV,21
386,Magna 1.1 iTech SE,11
387,ZXI AT,30
388,EX i-Dtech,63
389,1.5 EXI,56
390,DLE,1
391,GX TC 7 Str BSIII,28
392,Sportz 1.2 AT,11
393,Revotron 1.2T XE,58
394,AC BSIII,32
395,Estilo LXI BS IV,5
396,RXE,29
397,VDI,30
398,Diesel Comfortline 1.2L,16
399,T BSIV,43
400,LXi BSIV,44
401,K10 VXI Optional,8
402,S,45
403,1.3 DLX,44
404,K10 LX,8
405,1.4 ZXi Leather,13
406,LXi BSII,8
407,Quadrajet 1.3,58
408,Hatchback 1.3 TCDi LT ABS,50
409,1.3 VXi,44
410,1.2 Asta,48
411,Classic 1.4 SXI Duratorq,13
412,E 8 Str STD,18
413,1.4 ZXi TDCi ABS,13
414,E,56
415,Dzire 1.2 Vxi BSIV,44
416,SE Plus BSIII,28
417,LT LPG,4
418,Vibe 1.5 dCi D6,25
419,King Hard Top,78
420,1.2 MPI Ambition Plus,72
421,Plus T Option,43
422,Maruti Omni MPI STD BSIII 5-STR W/ IMMOBILISER,18
423,Dynamic,22
424,CRDi,24
425,Xing GL Plus LPG,20
426,S,56
427,GLX,34
428,R VXI Plus Optional,3
429,1.6 Duratec S,13
430,GLS,12
431,1.2 Revotron XE,37
432,Magna Optional,14
433,1.6 TDI Ambition,52
434,1.1 CRDi S,59
435,K10 LXI CNG Optional,8
436,Xing XS,20
437,CRDi (Leather Option),79
438,1.6 Duratec EXI Ltd,13
439,1.5 EXI S,56
440,Revotron XE,53
441,1.2P Ambiente MT,15
442,LS zipPlus,20
443,Diesel RxL,80
444,1.3 DX,56
445,Diesel Highline 1.2L,16
446,Xing XG AT,20
447,VX MT,56
448,FS B3,81
449,1.5 GXI,56
450,E8,46
451,85PS Diesel RxL,57
452,1.6 SX CRDi (O),24
453,E8 ABS Airbag BSIV,46
454,Xing XK (Non-AC),20
455,LX,5
456,Cross 1.4L GD,39
457,K10 LXI CNG,8
458,ZXI,47
459,,82
460,Sportz 1.2,48
461,1.2 Kappa SX,59
462,BSIII 8-STR W/ IMMOBILISER,18
463,Xing XG,20
464,XXi (Petrol),24
465,R LX BSIII,3
466,D PS,5
467,GLE 1,12
468,R LX,3
469,1.6,38
470,VXi - BS III,5
471,GLS I - Euro I,20
472,Petrol Comfortline 1.2L,16
473,1.2 MPI,83
474,U-VA 1.2 LT WO ABS Airbag,19
475,5 Str STD,18
476,R LXI DUO BSIII,3
477,1.5 TDI Comfortline AT,60
478,AC Uniq,32
479,LX,21
480,LXI,5
481,Lxi - BSIII,84
482,Diesel XV Primo,23
483,i (Petrol),24
484,1.4 TDCi DuraTorq,85
485,MULTIJET Emotion,86
486,85PS Diesel RxE,57
487,Std MPFi,32
488,Std BSIII,32
489,E9,46
490,VXI,44
491,100 G80 K2,76
492,Diesel LT Option,4
493,LXi BSII,5
494,Dzire ZXI,44
495,1.6 LS,38
496,1.6 SX VTVT AT,24
497,U-VA 1.2 LT,19
498,1.6 ZXi Duratec,13
499,CS LS (TDI) BS-III,7
500,Estilo LX BSIII,5
501,GLS,34
502,GLE BSIII,7
503,LX - BS III,5
504,DI DX 7 Seater,33
505,5 Seater Standard BSIV,42
506,MM 550 XDB,87
507,LE zipPlus,20
508,800 LXI Opt BSIV,8
509,Logan 1.5 DLE Diesel,88
510,800 CNG LXI Optional,8
511,R VXI Minor ABS,3
512,Classic Dicor,7
513,LXI,1
514,Era 1.1,11
515,i10 CRDi Sportz,64
516,i10 CRDi Sportz,133
517,i10 CRDi Sportz,134
518,SX,24
519,Vista Aura 1.3 Quadrajet,1
520,VXi,8
521,2.5 V Diesel 7-seater,61
522,2011-2019 SLX,33
523,K10 VXI Airbag,8
524,i10 CRDi Asta Option,64
525,i10 CRDi Asta Option,133
526,i10 CRDi Asta Option,134
527,Ambiente 1.9 PD,69
528,Neo 3 10 Seats BSIV,74
529,Vxi - BSIII,84
530,Vxi,89
531,Deluxe - Hi Roof (AC),90
532,Era,14
533,V2 2001-2011 DLS BSIII,1
534,GLS 1.6 ABS,12
535,AMT 1.0 T Option,91
536,1.8 S MT,92
537,LTZ AT,66
538,Quadrajet 1.3 75PS XE,58
539,1.2 Revotron XZ,37
540,100 mFALCON G80 K2,76
541,2.6 SLX Turbo 7 Seater,21
542,2019-2020 XE Diesel,37
543,Neo 2 LS B4 7 Str BSIII,74
544,Vxi,84
545,1.3 EXI,56
546,Smiles 5 Seater AC,42
547,Diesel XV,41
548,RXT BSIV,29
549,Neo LS B3 - 7(C) seats BSIII,74
550,Xing XG eRLX Euro III,20
551,1.6 MPI Elegance,52
552,E i-Vtech,63
553,i10 CRDi Magna,64
554,i10 CRDi Magna,133
555,i10 CRDi Magna,134
556,1.2 MPI Comfortline,16
557,Lxi,84
558,Std BSII,2
559,VX,51
560,DLS,1
561,GLE,12
562,1.8 V AT,92
563,Neo 3 Max 9 Str BSIII,74
564,S Cross DDiS 320 Delta,30
565,Xing GL PLUS CNG,20
566,Revotron 1.2 XT,58
567,1.3 LXI,44
568,Club Class Quadrajet90 EX,17
569,2.5 G (Diesel) 8 Seater BS IV,61
570,Transform CRDi VGT ABS,24
571,Liva 1.4 VD,39
572,GLE,34
573,Neo 3 LS 7 C BSIII,74
574,Estilo VXI BSIII,5
575,AT CNG,20
576,LP zipPlus,20
577,LXI Option,44
578,2.0 TDI Comfortline,65
579,1.5 V AT Exclusive,56
580,AT,20
581,Plus T Option Petrol,43
582,GL,93
583,i10 CRDi Asta,64
584,i10 CRDi Asta,133
585,i10 CRDi Asta,134
586,Pleasure 4x2,94
587,D,5
588,AC BSII,32
589,EX,32
590,VXI AT,47
591,1.3L Rocam Flair,85
592,1.9 TDI MT Ambiente,69
593,1.4 CRDi Sportz,48
594,LPG CARGO BSIII W IMMOBILISER,18
595,Punto Active (Diesel),27
596,i10 1.2 Kappa Sportz BSIV,64
597,i10 1.2 Kappa Sportz BSIV,133
598,i10 1.2 Kappa Sportz BSIV,134
599,MM 540,87
600,Logan 1.4 GLX Petrol,88
601,Estilo 1.1 VXI BSIII,5
602,VLX AT 2WD BSIII,21
603,R AX,3
604,Std BSII,32
605,ZDi BSIV,44
606,Lxi,6
607,H2,70
608,Victa EX 7/9 Str BSII,28
609,Elegance 1.9 TDI  AT,69
610,E MG410W ST,78
611,1.4 CRDi Asta,48
612,1.6 SX,24
613,ZDi,44
614,CRDi ABS,24
615,XE 85 PS,95
616,SLX 2WD BSIII,33
617,LXi - BS III,5
618,1.6 Duratec Petrol,96
619,2.6 CRDe,21
620,Magna Optional 1.4 CRDi,48
621,D2,46
622,AX,84
623,SLE BSIII,33
624,R LXI BSIII,3
625,VLS AT 2.2 mHAWK,21
626,1.8 S AT,92
627,Xing XL AT eRLX Euro III,20
628,GLS I - Euro II,20
629,Ambition 2.0 TDI CR AT,75
630,Quadrajet 1.3 XM,58
631,1.4,19
632,MM 775 XDB,87
633,1.2 MPI Highline,16
634,100 G80 K4 Plus,76
635,1.4 CRDi Magna,48
636,1.5 VX i DTEC,97
637,1.5,98
638,2.5 EV Diesel MS 7 Str BSIII,61
639,Zxi with Leather BSIII,30
640,Zxi BSIII,30
641,Classic,87
642,1.6 Highline,60
643,Xing XK,20
644,1.3 Flair,85
645,E i-DTEC,63
646,Logan 1.5 DLX Diesel,88
647,Xing XS eRLX Euro III,20
648,GLS ABS,34
649,Ambiente 1.9 TDI MT,99
650,Xing XK eRLX EuroIII,20
651,1.6 ZXI NXt,85
652,ZDi,47
653,85PS Diesel RxL Plus,57
654,Liva 1.2 V,39
655,R VX,3
656,XL Plus 85 PS,95
657,Plus T BSIV,43
658,SD,100
659,S Option AT,51
660,Aspire 1.2 Ti-VCT Trend,15
661,Gold EX,28
662,GL,34
663,VX,84
664,Altis 1.8 VL AT,70
665,1.6 SX VTVT (O),24
666,1.4 VTVT,24
667,DL,1
668,1.8 D,85
669,i10 1.2 Kappa Asta,64
670,i10 1.2 Kappa Asta,133
671,i10 1.2 Kappa Asta,134
672,2.5 GX 8 STR BSIV,61
673,VXI with ABS,44
674,1.2 Era,48
675,1.9 TDI Comfortline DSG,65
676,RxL,80
677,Select Edition Active,97
678,1.4 ZXi,85
679,i10 1.2 CRDi Magna,64
680,i10 1.2 CRDi Magna,133
681,i10 1.2 CRDi Magna,134
682,85PS Diesel RxL Optional,57
683,REV 116,21
684,5 Str STD LPG,18
685,1.2P Titanium Plus MT,15
686,Vista Terra TDI BSIII,1
687,XV D Premium Leather,41
688,Classic 1.9 TDI MT,99
689,1.2 Revotron XZA,37
690,1.6 LT,19
691,Xing XO,20
692,Aspire 1.5 TDCi Trend,15
693,i10 Asta,64
694,i10 Asta,133
695,i10 Asta,134
696,Logan 1.5 DLS,88
697,1.5 DV5 MT Titanium,67
698,D4,46
699,SX CRDi AT,24
700,Climber 1.0 AMT,29
701,SLE BSIV,21
702,Era Plus Sports Edition,14
703,1.2 MPI Trendline,101
704,Sigma 1.2,89
705,VVT VXI,44
706,U-VA 1.2,19
707,Storme VX,102
708,1.5 TDI Ambition,52
709,RxZ Optional,103
710,Ambiente,69
711,ZXI AMT BSIV,47
712,H6,70
713,ZXI,44
714,Green VXI,47
715,2019-2020 XZ,37
716,DX,32
717,RxL,103
718,RxZ,103
719,VXI Deca,44
720,VLX 2WD BSIV,21
721,SLE,33
722,2015-2017 Magna 1.2,48
723,VXI AMT BSIV,47
724,STD,8
725,ZXI ABS,44
726,D2 Maxx,46
727,Sportz 1.4 CRDi,48
728,SHVS VDI,68
729,1.05 Revotorq XE,37
730,Magna 1.4 CRDi,48
731,Aspire 1.5 TDCi Ambiente ABS,15
732,Active XV,23
733,i10 Asta Option,64
734,i10 Asta Option,133
735,i10 Asta Option,134
736,CL 500 MDI,87
737,DUO AC LPG,32
738,H3,70
739,CRDi SX ABS,24
740,1.5 TDI Comfortline,60
741,1.6 ZXi Leather,13
742,1.3 VXI ABS,44
743,Asta AT,11
744,L n K 1.9 PD,69
745,2.5L 4X2 MT,104
746,TCDi LT 8 Seater,54
747,Transform CRDi VGT SX ABS,24
748,R CNG LXI,3
749,R AMT VXI Option,3
750,CNG,18
751,2.0 VX 7 Seater,61
752,VX,5
753,2000 Dsz,49
754,2000 Dsz,105
755,DLX,1
756,1.2 Zeta BSIV,106
757,Cross 1.2L G,39
758,1.2 Revotron XT,107
759,New Diesel Highline,60
760,Power Plus SLX,33
761,2.5 E 8 STR,61
762,Asta (o),48
763,Delta 1.2,89
764,VX i-DTEC,63
765,i10 Magna,64
766,i10 Magna,133
767,i10 Magna,134
768,CRDi,108
769,i10 1.2 Kappa Sportz Option,64
770,i10 1.2 Kappa Sportz Option,133
771,i10 1.2 Kappa Sportz Option,134
772,110PS Diesel RxL,57
773,AMT,29
774,VDi BSIII W/ ABS,44
775,Safari 4X4,35
776,Safari 4X4,158
777,VXI ABS,68
778,Safari Dicor EX 4X2 BS IV,35
779,Safari Dicor EX 4X2 BS IV,158
780,i DTEC S,56
781,1.5 V Elegance,56
782,Neo 2 LT L 9 Str,74
783,VXi BSIV,44
784,Pure LX 4x2,94
785,Petrol Trend,13
786,S i-VTEC,63
787,Magna CNG BSIV,20
788,i DTEC VX,56
789,Aspire 1.2 Ti-VCT Titanium Plus,15
790,AE,70
791,2.5 G3,61
792,LE,20
793,2.6 CRDe SLE,21
794,T Jet Plus,22
795,1.4 SXi TDCi,13
796,1.2 CRDi S,59
797,Dzire Tour LDI,44
798,Punto EVO 1.3 Dynamic,27
799,R VXI AMT,3
800,i-DTEC SV,56
801,LT,109
802,R VXI BSII,3
803,D 1.9 EL PS,71
804,Aura Quadrajet,17
805,1.5 TDCi Titanium BSIV,110
806,Glam,44
807,LPG STD BSIV,18
808,300 T6 Plus,111
809,1.2 Sigma BSIV,106
810,100 mFALCON D75 K6,76
811,Active 1.2 SX,48
812,1.2 Kappa Base,59
813,1.4 AT Zeta,112
814,TCDi LT 7 Seater,54
815,1.4 Magna Executive,48
816,Safari DICOR 2.2 EX 4x4,35
817,Safari DICOR 2.2 EX 4x4,158
818,SA 6 Seater,113
819,4X2,114
820,i DTEC E,56
821,1.2 S Option MT,51
822,2.0L VCDi,109
823,1.6 CRDi SX,115
824,Magna Plus Option,14
825,1.8 (E) MT,92
826,M2DI,21
827,Hatchback 1.3 TCDi,50
828,VDI Optional,44
829,1.5 TDI Highline,60
830,Plus A Option Petrol,43
831,DI 4X2,114
832,AT Leather,116
833,Trend,15
834,Plus Remix Limited Edition,43
835,Asta Option 1.4 CRDi,48
836,XL 110 PS,95
837,TCDi LS 8 Seater,54
838,Alpha 1.3,89
839,LXI MT BSIV,47
840,BSIV ZXI,68
841,i10 1.2 Kappa Magna AT,64
842,i10 1.2 Kappa Magna AT,133
843,i10 1.2 Kappa Magna AT,134
844,110PS Diesel RxZ Plus,57
845,1.5D Trend MT,15
846,Magna BSIV,20
847,i10 Magna AT,64
848,i10 Magna AT,133
849,i10 Magna AT,134
850,AMT VXI,44
851,85PS RxL,117
852,800 LXI Optional,8
853,S,97
854,E4 8S,46
855,Petrol Highline,60
856,1.4 TSI Comfortline,65
857,Alpha 1.2,89
858,2.0L TDI Comfortline,65
859,EVO 1.3 Dynamic,26
860,1.6 i ABS,24
861,S i-Vtech,63
862,i VTEC V,56
863,ZDI,68
864,100 mFALCON D75 K8 AW,76
865,ZDI Leather,30
866,1.2 LT ABS,50
867,1.1 CRDi SX Option,59
868,1.2 Delta BSIV,106
869,1.5 TDI Highline 16 Alloy,101
870,Active S Petrol,48
871,Titanium Diesel BSIV,15
872,1.2 Spotz,48
873,i-VTEC V MT,118
874,2011-2019 SLX 2WD BSIII,33
875,V AT,56
876,SLX 4WD BSIII,33
877,LS ABS,50
878,1.05 Revotorq XT Option,37
879,Safari DICOR 2.2 VX 4x4,35
880,Safari DICOR 2.2 VX 4x4,158
881,Delta Automatic,89
882,1.0 T Option,45
883,XT,37
884,1.6 Xi ABS,24
885,1.8 MT Sport,92
886,Titanium BSIV,119
887,1.5 TDI Comfortline,101
888,Ambition 4WD,120
889,Club Class Quadrajet90 LX,17
890,1.5 TDI Elegance,52
891,1.6 TDI PRESTIGE,52
892,SLX 2.6 Turbo 8 Str,21
893,VXI BSIV,44
894,1.5 Sports Edition MT,15
895,CRDi M/T,116
896,Neo 3 9 Str BSIII,74
897,SX i-VTEC,63
898,VX AT i-Vtech,63
899,1.2 Revotron XT,37
900,i10 1.2 CRDi Sportz Option,64
901,i10 1.2 CRDi Sportz Option,133
902,i10 1.2 CRDi Sportz Option,134
903,i10 1.2 CRDi Asta,64
904,i10 1.2 CRDi Asta,133
905,i10 1.2 CRDi Asta,134
906,100 mFALCON D75 K8,76
907,1.4 Magna ABS,48
908,VLX 2WD AT BSIV,21
909,DI DX 8 Seater,33
910,1.5 TDI Comfortline,16
911,H4,46
912,Classic 1.6 Duratec CLXI,13
913,SX AT Diesel,24
914,2.5L 4X2,104
915,Magna AMT BSIV,20
916,1.5D Titanium MT,15
917,SHVS ZDI,68
918,Logan 1.6 Petrol GLSX,88
919,RS 1.0 Petrol,89
920,1.2 S i VTEC,97
921,XE,121
922,2.6 Turbo 7 Str,21
923,ZXI BSIV,44
924,Elegance 2.0 TDI CR AT,75
925,VLX 2WD AIRBAG SE BSIV,21
926,4x2 XLT,104
927,VXI,68
928,SV 1.0,45
929,Aspire 1.5 TDCi Titanium Plus,15
930,Sportz AMT,20
931,1.2 Revotron XM,122
932,Exclusive Edition,51
933,LXI,9
934,Revotron XM,53
935,100 mFALCON G80 K2 Plus,76
936,i VTEC SV,56
937,100 D75 K6 Plus,76
938,VX O iDTEC,63
939,Dzire VXI,44
940,NRG Petrol,37
941,1.6 MPI AT Elegance Plus,52
942,XV Premium 110 PS,95
943,i10 1.2 Kappa Magna BSIV,64
944,i10 1.2 Kappa Magna BSIV,133
945,i10 1.2 Kappa Magna BSIV,134
946,Power Plus LX,33
947,1.8 TSI,75
948,VDi,112
949,VTEC,56
950,Asta,20
951,1.3 Multijet Emotion,22
952,Asta 1.4 CRDi (Diesel),48
953,S CVT Petrol,63
954,VDi Plus SHVS,112
955,Aspire Facelift,15
956,VXI Plus,123
957,ZXI Optional AMT BSIV,47
958,EX,124
959,1.2 VX MT,51
960,Lounge,125
961,2.5 V Diesel 8-seater,61
962,Altis Diesel D4DJ,70
963,Active 1.2 S,48
964,1.4 CRDi,24
965,VTi-L (MT),126
966,1.2 E MT,51
967,1.5 SV i DTEC,97
968,2.5 G (Diesel) 8 Seater,61
969,Liva 1.2 G,39
970,W6 2WD,127
971,2.4L AT,116
972,King Hard Top Ambulance BSIV,78
973,1.2 Revotron XZ Option,107
974,Era,20
975,VDi Option SHVS,112
976,1.4 SXi TDCi ABS,13
977,Crysta 2.5 VX BS IV,61
978,ZXI MT BSIV,47
979,ZXi,112
980,VX Petrol BSIV,63
981,Aspire 1.5 TDCi Titanium,15
982,Magnific 1.6 Highline,60
983,1.4 EX,24
984,EX,21
985,VDI Limited Edition,68
986,VX 8 Str,128
987,Gold EX BSIII,28
988,100 D75 K4 Plus 5Str,76
989,DICOR 2.2 EX 4x2,102
990,XLT TDCi 4X2,104
991,1.3 Delta,106
992,1.5 TDI AT Ambition,52
993,1.6 SX VTVT,24
994,VLS 2.2 mHawk,21
995,Magna 1.2,48
996,Power Plus SLE,33
997,Petrol EXI,15
998,1.4 Sportz,48
999,i DTec SV,56
1000,Petrol RxL,57
1001,Classic 1.3 Multijet,22
1002,2.5 G (Diesel) 7 Seater BS IV,61
1003,i10 AT Asta,64
1004,i10 AT Asta,133
1005,i10 AT Asta,134
1006,S i DTEC,77
1007,RXL AWD,57
1008,S10 7 Seater,21
1009,Dzire LXI,44
1010,1.5 TDI Highline,16
1011,1.5 E MT,56
1012,S i-DTEC,63
1013,1.2 Asta Option,48
1014,Asta (o) 1.4 CRDi (Diesel),48
1015,300 T4 Plus,111
1016,Storme EX,102
1017,i20 Magna Plus BSIV,129
1018,2.5 GX (Diesel) 7 Seater,61
1019,TCDi LTZ 7 Seater,54
1020,1.2 VTVT S,59
1021,1.2 Revotron XTA,37
1022,220 CDI,130
1023,2.5 G4 Diesel 8-seater,61
1024,Altis 1.8 J,70
1025,Active SX Petrol,48
1026,CRDi S,79
1027,2015-2017 Sportz Option 1.4 CRDi,48
1028,VLX 2WD AIRBAG BSIV,21
1029,SLE BSIII,21
1030,W8 2WD,127
1031,1.0 Ecoboost Titanium,67
1032,SR Petrol 1.2L,16
1033,VX,97
1034,Active XV Petrol,23
1035,LDI BSIV,44
1036,1.6 MPI Ambition With Alloy Wheel,52
1037,Zeta 1.2,89
1038,S Cross DDiS 320 Zeta,30
1039,ZDi SHVS,112
1040,DDiS LDI,44
1041,1.4 LT BSIV,19
1042,Zeta,89
1043,i20 Petrol Magna Exective,129
1044,S AT i-Vtech,63
1045,i DTEC SV,56
1046,VLX 2WD BSIII,21
1047,1.5 Ti VCT AT Titanium,67
1048,1.05 Revotorq XZ Plus,37
1049,1.2P Titanium MT,15
1050,S Diesel,63
1051,1.8 V MT,92
1052,Diesel Style,13
1053,R VXI AMT1.2BSIV,3
1054,1.2 CRDi SX,59
1055,E4 BS III,46
1056,ZDI,44
1057,i20 Sportz Plus BSIV,129
1058,CNG 5 Seater AC BSIV,42
1059,Titanium Diesel BSIV,119
1060,VDI (ABS) BS IV,9
1061,2.5 GX (Diesel) 7 Seater BS IV,61
1062,Delta Diesel,89
1063,Zeta DDiS 200 SH,131
1064,LDI,44
1065,1.2 V i VTEC,97
1066,100 D75 K2,76
1067,Dzire AMT VDI,44
1068,1.6 VTVT S,24
1069,XL 85 PS,95
1070,Titanium Diesel BSIV,132
1071,Active 1.4 SX,48
1072,1.2 Alpha BSIV,106
1073,1800 ISZ MPFI PW CL,64
1074,1800 ISZ MPFI PW CL,133
1075,1800 ISZ MPFI PW CL,134
1076,Zeta 1.3,89
1077,XE D,95
1078,Dzire LDIX Limited Edition,44
1079,Ambiente 2.0 TDI CR AT,69
1080,Vitara MT,64
1081,Vitara MT,133
1082,Vitara MT,134
1083,Series 530i,135
1084,XZA AMT,37
1085,Hybrid,136
1086,DDiS VDI,44
1087,Corporate Edition,56
1088,Celeste 1.5 TDI Highline AT,60
1089,4x4 XLT,104
1090,King HT BSIV,78
1091,Safari 4X2,35
1092,Safari 4X2,158
1093,2.5 E Diesel MS 7-seater,61
1094,2.6 Turbo 9 Str,21
1095,2.0L TDI Highline AT,65
1096,i10 Nios AMT Magna,64
1097,i10 Nios AMT Magna,133
1098,i10 Nios AMT Magna,134
1099,SHVS LDI,68
1100,VDi Plus,112
1101,Sportz Option 1.2,48
1102,Altis G,70
1103,2.5 G4 Diesel 7-seater,61
1104,300 T8,111
1105,2.6 SLX CRDe,21
1106,D2 BSIV,46
1107,Liva VD,39
1108,2.5 GX (Diesel) 8 Seater,61
1109,1.5P Titanium AT,15
1110,2.4 AT,126
1111,W8 4WD,127
1112,Executive (HE),70
1113,300 T4,111
1114,1.5 S i DTEC,97
1115,XE,137
1116,VXi,112
1117,i10 1.2 Kappa Era,64
1118,i10 1.2 Kappa Era,133
1119,i10 1.2 Kappa Era,134
1120,1.1 CRDi SX,59
1121,4X4,114
1122,i DTEC V,56
1123,ZDI Plus,44
1124,XL CVT,23
1125,Dzire LDI Optional,44
1126,i20 Sportz Plus Dual Tone BSIV,129
1127,1.2 VTVT S AT,59
1128,i20 Asta Option BSIV,129
1129,VXI Optional,47
1130,1.5 Diesel RXT,138
1131,Neo 3 LT 9 Seats BSIII,74
1132,EVO 1.3 Emotion,26
1133,ZXI Plus,44
1134,E6,46
1135,2.4 MT,126
1136,B6,33
1137,Safari 3L Dicor LX 4x2,35
1138,Safari 3L Dicor LX 4x2,158
1139,1.6 CRDi SX,24
1140,Dzire ZXI 1.2 BS IV,44
1141,1.2 Revotron XM,107
1142,1.2 Magna Executive,48
1143,1.2 Revotron XZ Plus Dual Tone,122
1144,S i VTEC,77
1145,1.5 DV5 MT Ambiente,67
1146,2.5 VX (Diesel) 8 Seater BS IV,61
1147,1.8 TSI MT,139
1148,1.5 DV5 MT Titanium Optional,67
1149,1.99 S4,21
1150,Trend Petrol BSIV,132
1151,LDI Optional,44
1152,VXI CNG,68
1153,Brezza ZDi,140
1154,1.5 Petrol Titanium BSIV,110
1155,DI 4X4 PS,114
1156,VDI SHVS,112
1157,300 mHAWK100 T8,111
1158,Sportz BSIV,20
1159,1.5 Diesel Titanium Plus BSIV,110
1160,2.5 G (Diesel) 7 Seater,61
1161,Power Plus ZLX,33
1162,1.4 Asta Option,48
1163,VX CVT,97
1164,SLX MT,141
1165,V i VTEC,77
1166,1.5 V,39
1167,1.2 Asta Dual Tone,48
1168,Hurricane Limited Edition,104
1169,1.5 Highline Plus AT 16 Alloy,60
1170,ZDi Plus,112
1171,1.5 E i DTEC,97
1172,2.7 TDI,142
1173,1.4 Delta,112
1174,1.2 AMT Delta BSIV,106
1175,VX i-VTEC,63
1176,CJ 500 DI,87
1177,1.2 VTVT E Plus,59
1178,Brezza ZDi Plus,140
1179,ZXi BSIV,44
1180,i20 Asta Option CVT BSIV,129
1181,2.0 GX 8 STR BSIV,61
1182,Elegance 2.0 TDI CR AT,69
1183,X ZXI BSIV,47
1184,VLX 2WD ABS AT BSIII,21
1185,i-DTEC VX,143
1186,2.5 GX 7 STR,61
1187,V CVT Petrol BSIV,63
1188,Brezza VDi,140
1189,1.5 Diesel Titanium,67
1190,XL,95
1191,i VTEC S,56
1192,VX Diesel BSIV,63
1193,Zeta Automatic,89
1194,Climber 1.0 MT Opt BSIV,29
1195,1.5D Titanium Opt MT,15
1196,AT W8 FWD,127
1197,SLE BS IV,21
1198,VXD,39
1199,Safari 4X4 EX,35
1200,Safari 4X4 EX,158
1201,XZ,137
1202,SHVS ZDI Plus,68
1203,i10 1.2 Kappa Sportz AT,64
1204,i10 1.2 Kappa Sportz AT,133
1205,i10 1.2 Kappa Sportz AT,134
1206,Brezza VDi Option,140
1207,i-VTEC VX MT,144
1208,AT W10 AWD,127
1209,Titanium Plus BSIV,119
1210,ZXi Plus,112
1211,Brezza LDi Option,140
1212,i-VTEC VX,143
1213,Altis D-4D J,70
1214,2015-2019 1.2 MPI Highline,16
1215,XV,145
1216,Ambition 4X2,120
1217,VVT ZXI,44
1218,i10 Asta Option AT,64
1219,i10 Asta Option AT,133
1220,i10 Asta Option AT,134
1221,N8,146
1222,2.5 VX 8 STR,61
1223,2.5 VX (Diesel) 8 Seater,61
1224,CRDe,114
1225,Power Plus Plus Non AC BSIV PS,33
1226,Dzire VDI Optional,44
1227,BSIV,21
1228,S2 7 Seater,21
1229,1.6 VTVT SX,24
1230,Brezza ZDi Plus AMT,140
1231,1.5 TDI Highline AT,60
1232,i20 Magna Plus Diesel,129
1233,Fe 4X4,147
1234,1.5 Diesel Ambiente BSIV,110
1235,1.4 VXD,39
1236,1.6 CRDi SX Option,115
1237,Asta Option 1.2,48
1238,Titanium Plus Diesel BSIV,132
1239,1.5 Petrol Ambiente,67
1240,300 T10 Dual Tone,111
1241,1.6 MPI AT Ambition BSIV,52
1242,ZXI AT,47
1243,Active S Diesel,48
1244,1.4 E Plus,115
1245,Dzire AMT ZXI Plus BS IV,44
1246,1.6 Gamma SX Plus,115
1247,R ZXI 1.2,3
1248,2.4,148
1249,Delta DDiS 200 SH,131
1250,W10 1.99 mHawk,127
1251,E250 CDI Elegance,130
1252,S 1.3,112
1253,i20 Diesel Era,129
1254,1.6 VTVT AT S Option,24
1255,M2 8Str,149
1256,Monte Carlo 1.6 MPI AT BSIV,52
1257,1.5 Petrol Trend,67
1258,1.5 Revotorq XZ,122
1259,i-VTEC SV,56
1260,Sigma DDiS 200 SH,131
1261,XL P,95
1262,1.5 VDI,68
1263,VTVT 1.6 SX,24
1264,1.5 V i DTEC,97
1265,Titanium Plus Diesel BSIV,119
1266,i DTec V,56
1267,Storme VX Varicor 400,102
1268,1.99 S6 Plus,21
1269,2.5 VX (Diesel) 7 Seater,61
1270,ZDi,112
1271,Delta 1.3,89
1272,VLX 2.2 mHawk Airbag BSIV,21
1273,Aspire 1.5 Ti-VCT Titanium,15
1274,Dzire AMT VXI,44
1275,Altis Diesel D4DGL,70
1276,1.5 Diesel Trend Plus BSIV,110
1277,2.8 SFX BSIV Dual Tone,150
1278,CRDi 1.6 EX,24
1279,1.5 TDI Highline,101
1280,Alpha DDiS 200 SH,131
1281,1.5 Diesel Titanium BSIV,110
1282,ZDi Plus SHVS,112
1283,M4,149
1284,Dzire ZXI Plus,44
1285,VTVT 1.6 AT SX Option,24
1286,CRDe AC,114
1287,Titanium 4X2,104
1288,1.5 Petrol Titanium Plus AT BSIV,110
1289,Dzire AMT ZXI,44
1290,Titanium Diesel,132
1291,CRDi SX,79
1292,i-DTEC VX MT,144
1293,i10 Nios Sportz,64
1294,i10 Nios Sportz,133
1295,i10 Nios Sportz,134
1296,85PS Diesel RxZ,57
1297,LK 1.8 TSI AT,75
1298,Titanium,15
1299,Dzire VXI 1.2 BS IV,44
1300,i-DTEC V,56
1301,S4 4WD,21
1302,Sport 4X4,150
1303,2.5 Z Diesel 7 Seater BS IV,61
1304,CRDi 1.6 AT EX,24
1305,2.0 Diesel,151
1306,i-DTEC V,143
1307,Liva 1.2 VX,39
1308,S Petrol BSIV,63
1309,BSIV VXI AT,68
1310,VXi Plus,112
1311,Select Edition,97
1312,H8 ABS with Airbags,46
1313,1.5 Ti VCT MT Trend BSIV,110
1314,i-VTEC S MT,144
1315,Facelift,131
1316,SHVS LDI Option,68
1317,Titanium Plus Diesel,132
1318,ZXI,68
1319,RXT BSIV,152
1320,V MT,56
1321,Brezza LDi,140
1322,1.4 CRDi Base,115
1323,SX Opt Diesel,153
1324,sDrive20d,154
1325,1.3 Delta,112
1326,Brezza ZDi Plus Dual Tone,140
1327,1.5 Petrol Titanium Plus AT,67
1328,1.5 TDCi Titanium Plus BE BSIV,110
1329,Aspire Titanium Plus Diesel,15
1330,1.4 Alpha,112
1331,Stepway 85PS RXZ 8S,117
1332,1.5 Ti VCT MT Titanium BE BSIV,110
1333,i-VTEC CVT VX,56
1334,Urban Cross 1.3 Multijet Emotion,86
1335,i10 Nios Magna CRDi,64
1336,i10 Nios Magna CRDi,133
1337,i10 Nios Magna CRDi,134
1338,1.5 TDI Highline Plus AT,60
1339,1.4 EX Diesel,115
1340,1.5 TDI AT Ambition BSIV,52
1341,S7 140 BSIV,21
1342,2.5 VX 8 STR BSIV,61
1343,1.2 VX i VTEC,97
1344,Brezza ZDi Plus AMT Dual Tone,140
1345,1.2 Revotron XZ Plus,122
1346,V,97
1347,1.5 Diesel Trend BSIV,110
1348,1.6 SX Option,115
1349,110PS Diesel RxZ AWD,57
1350,1.5 TDI Ambition BSIV,52
1351,1.5 TDI Highline Plus 16,101
1352,1.6 CRDi SX Plus,115
1353,XT,155
1354,XTA,155
1355,1.6 VTVT S,115
1356,1.4 Zeta,112
1357,i VTEC VX,56
1358,2.5 GX (Diesel) 8 Seater BS IV,61
1359,1.6 SX Automatic Diesel,115
1360,1.6 CRDI SX Option,24
1361,1.0 Ecoboost Platinum Edition BSIV,67
1362,SX Opt Turbo BSIV,153
1363,2.0 TDI 177 Bhp Premium Plus,156
1364,XM,155
1365,CRDi 1.6 SX Option,24
1366,1.2 AMT Alpha BSIV,106
1367,V Diesel BSIV,63
1368,Series 730Ld,157
1369,Active 1.4 SX with AVN,48
1370,i-VTEC VX,56
1371,Alpha,89
1372,i20 Petrol Asta Option,129
1373,280 CDI Elegance,130
1374,B4,33
1375,Edge Edition Diesel SV,56
1376,E i DTEC,77
1377,300 T10,111
1378,CRDi 1.6 SX,24
1379,2.8 FSI,142
1380,300 T8 AMT,111
1381,2.0 TDI Premium Plus,142
1382,Titanium,132
1383,M/t,136
1384,1.5 Ti VCT MT Titanium BSIV,110
1385,2.0L TDI Highline,65
1386,Elegance 2.0 TDI AT,99
1387,CRDi 1.6 AT SX Option,24
1388,1.4 CRDi S,115
1389,2.5 VX (Diesel) 7 Seater BS IV,61
1390,SX,79
1391,1.4 CRDi S Plus,115
1392,Sports Petrol,67
1393,2.5 G1 BSIV,61
1394,Crysta 2.4 VX MT BSIV,61
1395,GTI,16
1396,Zeta BSIV,112
1397,i20 Sportz Plus CVT BSIV,129
1398,W10 2WD,127
1399,1.5 DV5 MT Trend,67
1400,ZXI AT Petrol,68
1401,1.6 SX Automatic,115
1402,i20 Diesel Asta Option,129
1403,300 Plus P4,111
1404,Titanium Plus,132
1405,W11 Option AWD,127
1406,C-Class 200 CDI Classic,35
1407,C-Class 200 CDI Classic,158
1408,1.8 TFSI,156
1409,W5 BSIV,127
1410,S6 Plus 7 Seater,21
1411,Series 525d Sedan,135
1412,GT 1.0 TSI,16
1413,i-DTEC VX,56
1414,3.0L 4X4 AT,104
1415,2.0 TDI Quattro Premium Plus,159
1416,G,160
1417,1.5 Diesel RXT Mono,138
1418,1.0 TSI Highline Plus,16
1419,4x4 MT,161
1420,VX CVT,56
1421,W8 Option Diesel BSIV,162
1422,W8 Option,162
1423,3.2 MT,163
1424,Sigma BSIV,112
1425,i-VTEC ZX,56
1426,1.6 E Plus,115
1427,H4 ABS,46
1428,Series 320d Sport,164
1429,VXI Petrol,68
1430,W7 BSIV,127
1431,1.4 Sport Plus BSIV,165
1432,V-Cross Standard,166
1433,AT W10 FWD,127
1434,Crysta 2.4 ZX MT,61
1435,1.5 Revotorq XM,122
1436,Fe 4WD AT,147
1437,1.5 TDCi Ambiente,13
1438,S11 BSIV,21
1439,S2 9 Seater,21
1440,CRDe ABS,114
1441,HTK Plus AT D,167
1442,Alpha CVT,89
1443,E 200 CGI Elegance,130
1444,i-VTEC CVT ZX,56
1445,XL Plus ICC WT20 SE,95
1446,W6 1.99 mHawk,127
1447,1.6 VTVT AT SX Plus,115
1448,3.0 Diesel,161
1449,1.6 CRDi AT SX Plus,115
1450,Altis 1.8 GL,70
1451,1.5 TDI AT Style BSIV,52
1452,M8 8Str,149
1453,ZDI Plus,68
1454,Crysta 2.4 G MT BSIV,61
1455,1.5 Diesel Titanium Plus,67
1456,Altis G AT,70
1457,2.0 TDI,168
1458,280 CDI,130
1459,1.6 CRDi AT SX,24
1460,1.5 TDCi Titanium Plus BSIV,110
1461,2.5 GX 7 STR BSIV,61
1462,W7,127
1463,S5 BSIV,21
1464,1.5 Petrol Titanium Plus,67
1465,E250 Edition E,130
1466,S9 BSIV,21
1467,2.0 TFSI Quattro,168
1468,XL D BSIV,169
1469,i-DTEC ZX,56
1470,1.5 TDI Highline BSIV,60
1471,C-Class C 220 CDI Avantgarde,35
1472,C-Class C 220 CDI Avantgarde,158
1473,2.0 e-VGT 2WD MT,108
1474,3.0 TDI Quattro,156
1475,1.9 TDI Trendline,65
1476,C-Class 220 CDI AT,35
1477,C-Class 220 CDI AT,158
1478,Altis GL MT,70
1479,D3 Kinetic,170
1480,Crysta 2.4 GX AT,61
1481,1.6 SX,115
1482,230,130
1483,2.0 TDI,156
1484,3.2 Titanium AT 4X4,104
1485,5.0 Litre V8 Petrol,171
1486,35 TDI Quattro Premium,172
1487,Class B180 Sports,173
1488,i-DTEC V MT,118
1489,sDrive20d M Sport,154
1490,sDrive 20d Exclusive,154
1491,Series 320d Luxury Line,164
1492,2.0 Longitude Option BSIV,165
1493,1.5 TDI Highline Plus AT BSIV,60
1494,W10 AWD,127
1495,Crysta 2.8 GX AT BSIV,61
1496,Thunder Edition Diesel,67
1497,2.0 SX AT,79
1498,AT W10 1.99 mHawk,127
1499,AT W6 2WD,127
1500,D5 Inscription,170
1501,Crysta 2.4 VX MT 8S BSIV,61
1502,L 3.0 TDI quattro,174
1503,2.0 TDI  Design Edition,142
1504,Hybrid 2.5,136
1505,Altis 1.8 VL CVT,70
1506,2.0 e-VGT 2WD AT GL,108
1507,Smart AT,175
1508,XV Premium D BSIV,169
1509,XZ BSIV,121
1510,C-Class C 220 CDI BE Avantgare,35
1511,C-Class C 220 CDI BE Avantgare,158
1512,sDrive 20d xLine,154
1513,4x2 AT,161
1514,Series 320d Sport Line,164
1515,Diesel 4WD,176
1516,XT 4X4,155
1517,35 TDI Premium,156
1518,New  2.0 TDI Multitronic,156
1519,3.0 Litre S Premium Luxury,171
1520,W7 AT BSIV,127
1521,Titanium Plus 4X4,104
1522,Sharp Diesel MT BSIV,175
1523,C-Class C 220 CDI Grand Edition,35
1524,C-Class C 220 CDI Grand Edition,158
1525,W11 AT BSIV,127
1526,Series 520d Luxury Line,135
1527,2.2 Litre Luxury,171
1528,4.2 TDI,174
1529,2.2 Titanium AT 4X2,104
1530,W11 Option AT AWD,127
1531,Crysta 2.8 ZX AT BSIV,61
1532,D3 R Design,177
1533,Range Rover Evoque 2.2L Dynamic,178
1534,2.0 TFSI Quattro Premium Plus,168
1535,4x2 Manual,161
1536,Crysta 2.4 GX MT 8S BSIV,61
1537,Crysta 2.4 VX MT,61
1538,30 TFSI Technology,156
1539,2.5 Hybrid,136
1540,2.8 2WD AT BSIV,161
1541,Progressive C 220d,179
1542,E250 CDI Blue Efficiency,130
1543,35 TDI Quattro Technology,159
1544,2.7 2WD AT,161
1545,ML 350 CDI,180
1546,5.0 L V8 Supercharged,181
1547,2.8 4WD AT BSIV,161
1548,G4 4X2 AT BSIV,182
1549,3.0 TDI Quattro Technology,168
1550,Series GT Luxury Line,164
1551,xDrive 30d xLine,183
1552,Exclusive E 200 BSIV,130
1553,Series Signature 730Ld,157
1554,350 CDI Blue Efficiency,184
1555,Range Rover 4.4 Diesel LWB Vogue SE,178
1556,Discovery Sport SD4 HSE Luxury,178
1557,90 D5 Inscription BSIV,185
1558,Discovery S 2.0 SD4,178
1559,35 TDI Premium Plus,156
1560,Discovery Sport TD4 HSE 7S,178
1561,2016-2020 350d 4MATIC,186
1562,Sportback,187
1563,2015-2019 Sportback Performance,188
1564,S 350d Connoisseurs Edition,189
